policy,seed,wait_seconds
batch,1,27.0000
batch,1,20.3000
batch,1,34.7000
batch,1,29.2000
batch,1,23.2000
batch,1,25.8000
batch,1,36.8000
batch,1,56.7000
batch,1,27.2000
batch,1,37.0000
batch,1,24.2000
batch,1,44.8000
batch,1,33.8000
batch,1,36.1000
batch,1,16.2000
batch,1,23.2000
batch,1,47.2000
batch,1,68.1000
batch,1,62.0000
batch,1,16.2000
batch,1,17.5000
batch,1,31.2000
batch,1,45.8000
batch,1,54.1000
batch,1,4.9000
batch,1,20.9000
batch,1,231.7000
batch,1,63.9000
batch,1,15.3000
batch,1,21.4000
batch,1,24.5000
batch,1,25.4000
batch,1,18.4000
batch,1,53.7000
batch,1,14.8000
batch,1,10.8000
batch,1,43.6000
batch,1,25.5000
batch,1,26.6000
batch,1,40.7000
batch,1,28.7000
batch,1,8.2000
batch,1,40.9000
batch,1,19.9000
batch,1,29.2000
batch,1,51.2000
batch,1,34.4000
batch,1,32.3000
batch,1,33.7000
batch,1,60.3000
batch,1,22.8000
batch,1,40.8000
batch,1,24.2000
batch,1,54.2000
batch,1,145.2000
batch,1,20.2000
batch,1,33.0000
batch,1,5.0000
batch,1,32.4000
batch,1,30.4000
batch,1,4.2000
batch,1,37.0000
batch,1,68.3000
batch,1,77.9000
batch,1,29.5000
batch,1,56.8000
batch,1,46.6000
batch,1,37.6000
batch,1,54.9000
batch,1,13.5000
batch,1,29.9000
batch,1,81.3000
batch,1,44.2000
batch,1,43.7000
batch,1,10.9000
batch,1,37.8000
batch,1,45.7000
batch,1,16.6000
batch,1,136.0000
batch,1,73.2000
batch,1,30.4000
batch,1,48.6000
batch,1,27.1000
batch,1,80.1000
batch,1,40.3000
batch,1,62.7000
batch,1,64.5000
batch,1,87.2000
batch,1,35.1000
batch,1,40.9000
batch,1,180.8000
batch,1,19.5000
batch,1,67.1000
batch,1,70.5000
batch,1,70.4000
batch,1,16.9000
batch,1,11.8000
batch,1,52.5000
batch,1,31.8000
batch,1,87.0000
batch,1,53.0000
batch,1,55.2000
batch,1,22.8000
batch,1,137.9000
batch,1,37.9000
batch,1,20.9000
batch,1,68.0000
batch,1,87.9000
batch,1,47.1000
batch,1,6.6000
batch,1,38.9000
batch,1,6.2000
batch,1,83.7000
batch,1,79.7000
batch,1,66.8000
batch,1,88.2000
batch,1,123.3000
batch,1,50.7000
batch,1,52.0000
batch,1,30.4000
batch,1,49.3000
batch,1,21.0000
batch,1,22.3000
batch,1,133.2000
batch,1,122.2000
batch,1,111.1000
batch,1,51.7000
batch,1,96.1000
batch,1,42.7000
batch,1,51.5000
batch,1,93.4000
batch,1,425.1000
batch,1,34.4000
batch,1,24.9000
batch,1,28.0000
batch,1,23.6000
batch,1,52.0000
batch,1,360.0000
batch,1,147.2000
batch,1,234.9000
batch,1,59.5000
batch,1,18.5000
batch,1,30.1000
batch,1,64.6000
batch,1,58.5000
batch,1,48.1000
batch,1,264.2000
batch,1,48.9000
batch,1,15.6000
batch,1,66.9000
batch,1,51.2000
batch,1,28.7000
batch,1,34.9000
batch,1,658.4000
batch,1,79.4000
batch,1,14.2000
batch,1,63.4000
batch,1,58.4000
batch,1,127.8000
batch,1,63.0000
batch,1,78.7000
batch,1,68.2000
batch,1,36.1000
batch,1,54.5000
batch,1,64.9000
batch,1,77.1000
batch,1,93.8000
batch,1,10.8000
batch,1,89.2000
batch,1,50.7000
batch,1,53.3000
batch,1,108.5000
batch,1,49.2000
batch,1,64.5000
batch,1,44.6000
batch,1,87.8000
batch,1,37.1000
batch,1,140.5000
batch,1,61.5000
batch,1,76.7000
batch,1,72.7000
batch,1,11.3000
batch,1,56.9000
batch,1,97.9000
batch,1,149.6000
batch,1,185.8000
batch,1,57.4000
batch,1,84.5000
batch,1,92.7000
batch,1,58.7000
batch,1,79.9000
batch,1,46.0000
batch,1,62.3000
batch,1,102.3000
batch,1,23.6000
batch,1,69.8000
batch,1,113.6000
batch,1,100.9000
batch,1,78.1000
batch,1,60.3000
batch,1,90.1000
batch,1,86.7000
batch,1,61.8000
batch,1,70.9000
batch,1,141.8000
batch,1,117.1000
batch,1,353.0000
batch,1,65.4000
batch,1,127.9000
batch,1,30.8000
batch,1,67.7000
batch,1,159.2000
batch,1,530.1000
batch,1,197.5000
batch,1,120.1000
batch,1,155.5000
batch,1,132.7000
batch,1,154.4000
batch,1,108.1000
batch,1,69.8000
batch,1,165.9000
batch,1,169.4000
batch,1,87.5000
batch,1,66.3000
batch,1,49.0000
batch,1,181.4000
batch,1,63.8000
batch,1,79.0000
batch,1,58.9000
batch,1,526.2000
batch,1,93.5000
batch,1,524.0000
batch,1,35.1000
batch,1,19.9000
batch,1,118.2000
batch,1,70.8000
batch,1,43.3000
batch,1,6.0000
batch,1,70.8000
batch,1,93.7000
batch,1,56.6000
batch,1,237.2000
batch,1,59.4000
batch,1,155.0000
batch,1,2.9000
batch,1,70.4000
batch,1,145.4000
batch,1,99.9000
batch,1,133.0000
batch,1,56.5000
batch,1,76.2000
batch,1,172.4000
batch,1,152.6000
batch,1,88.9000
batch,1,75.1000
batch,1,121.5000
batch,1,66.4000
batch,1,88.2000
batch,1,61.8000
batch,1,227.7000
batch,1,179.9000
batch,1,44.8000
batch,1,130.4000
batch,1,53.6000
batch,1,59.6000
batch,1,74.9000
batch,1,58.9000
batch,1,160.3000
batch,1,297.9000
batch,1,156.7000
batch,1,60.1000
batch,1,127.7000
batch,1,146.5000
batch,1,107.1000
batch,1,141.3000
batch,1,155.6000
batch,1,39.9000
batch,1,86.3000
batch,1,98.9000
batch,1,77.7000
batch,1,155.1000
batch,1,149.3000
batch,1,66.0000
batch,1,70.5000
batch,1,87.5000
batch,1,71.7000
batch,1,80.1000
batch,1,75.7000
batch,1,803.6000
batch,1,82.8000
batch,1,119.1000
batch,1,102.4000
batch,1,160.1000
batch,1,91.9000
batch,1,129.2000
batch,1,153.1000
batch,1,125.4000
batch,1,170.6000
batch,1,104.7000
batch,1,216.4000
batch,1,93.2000
batch,1,70.3000
batch,1,680.7000
batch,1,147.4000
batch,1,119.9000
batch,1,278.1000
batch,1,79.0000
batch,1,48.5000
batch,1,178.4000
batch,1,87.5000
batch,1,184.9000
batch,1,157.7000
batch,1,124.3000
batch,1,141.7000
batch,1,151.1000
batch,1,53.6000
batch,1,98.9000
batch,1,59.5000
batch,1,117.6000
batch,1,293.3000
batch,1,168.9000
batch,1,95.6000
batch,1,673.7000
batch,1,176.1000
batch,1,139.6000
batch,1,58.9000
batch,1,139.0000
batch,1,146.3000
batch,1,120.0000
batch,1,248.5000
batch,1,126.2000
batch,1,103.5000
batch,1,55.9000
batch,1,101.2000
batch,1,102.0000
batch,1,142.2000
batch,1,174.0000
batch,1,171.1000
batch,1,98.4000
batch,1,180.0000
batch,1,114.4000
batch,1,165.3000
batch,1,64.0000
batch,1,112.0000
batch,1,157.5000
batch,1,148.2000
batch,1,138.1000
batch,1,94.7000
batch,1,100.3000
batch,1,276.9000
batch,1,95.8000
batch,1,96.9000
batch,1,146.2000
batch,1,123.6000
batch,1,97.2000
batch,1,218.1000
batch,1,154.6000
batch,1,58.0000
batch,1,169.2000
batch,1,159.5000
batch,1,186.8000
batch,1,472.7000
batch,1,204.4000
batch,1,149.1000
batch,1,106.4000
batch,1,664.4000
batch,1,114.0000
batch,1,111.6000
batch,1,146.1000
batch,1,97.2000
batch,1,204.8000
batch,1,138.0000
batch,1,165.0000
batch,1,108.0000
batch,1,183.9000
batch,1,173.1000
batch,1,140.9000
batch,1,186.6000
batch,1,111.4000
batch,1,101.2000
batch,1,282.7000
batch,1,138.8000
batch,1,247.9000
batch,1,183.6000
batch,1,295.6000
batch,1,227.3000
batch,1,87.2000
batch,1,212.4000
batch,1,209.3000
batch,1,273.3000
batch,1,211.5000
batch,1,244.0000
batch,1,116.7000
batch,1,154.7000
batch,1,206.5000
batch,1,468.3000
batch,1,162.4000
batch,1,88.6000
batch,1,194.4000
batch,1,85.4000
batch,1,35.7000
batch,1,767.9000
batch,1,200.8000
batch,1,130.7000
batch,1,1164.2000
batch,1,244.9000
batch,1,94.9000
batch,1,141.1000
batch,1,37.2000
batch,1,141.3000
batch,1,150.7000
batch,1,171.5000
batch,1,332.7000
batch,1,170.1000
batch,1,119.1000
batch,1,193.3000
batch,1,197.1000
batch,1,88.3000
batch,1,72.5000
batch,1,169.2000
batch,1,177.6000
batch,1,80.2000
batch,1,273.5000
batch,1,265.2000
batch,1,207.1000
batch,1,671.2000
batch,1,171.2000
batch,1,132.2000
batch,1,178.1000
batch,1,570.0000
batch,1,240.9000
batch,1,105.6000
batch,1,361.9000
batch,1,192.5000
batch,1,813.7000
batch,1,276.6000
batch,1,650.6000
batch,1,125.8000
batch,1,610.3000
batch,1,808.5000
batch,1,1260.2000
batch,1,1434.0000
batch,1,802.7000
batch,1,606.7000
batch,1,633.2000
batch,1,594.1000
batch,2,35.4000
batch,2,27.1000
batch,2,4.4000
batch,2,30.4000
batch,2,19.4000
batch,2,48.7000
batch,2,41.0000
batch,2,27.2000
batch,2,39.8000
batch,2,48.1000
batch,2,20.2000
batch,2,56.9000
batch,2,19.4000
batch,2,22.0000
batch,2,1.4000
batch,2,31.4000
batch,2,57.2000
batch,2,23.5000
batch,2,38.4000
batch,2,23.7000
batch,2,316.9000
batch,2,8.3000
batch,2,10.9000
batch,2,15.4000
batch,2,4.4000
batch,2,35.5000
batch,2,67.8000
batch,2,71.6000
batch,2,29.7000
batch,2,48.6000
batch,2,6.0000
batch,2,61.3000
batch,2,21.4000
batch,2,24.6000
batch,2,64.1000
batch,2,56.6000
batch,2,40.9000
batch,2,51.9000
batch,2,20.2000
batch,2,14.6000
batch,2,33.5000
batch,2,25.6000
batch,2,1.0000
batch,2,75.2000
batch,2,56.0000
batch,2,33.1000
batch,2,40.2000
batch,2,54.2000
batch,2,28.8000
batch,2,16.2000
batch,2,55.5000
batch,2,129.5000
batch,2,32.7000
batch,2,87.9000
batch,2,298.8000
batch,2,47.4000
batch,2,103.6000
batch,2,23.7000
batch,2,16.6000
batch,2,1.6000
batch,2,34.4000
batch,2,38.4000
batch,2,34.0000
batch,2,27.4000
batch,2,111.4000
batch,2,61.1000
batch,2,31.0000
batch,2,113.0000
batch,2,78.5000
batch,2,37.4000
batch,2,238.4000
batch,2,30.8000
batch,2,19.5000
batch,2,23.7000
batch,2,33.6000
batch,2,271.3000
batch,2,88.3000
batch,2,34.9000
batch,2,57.7000
batch,2,77.1000
batch,2,86.9000
batch,2,323.3000
batch,2,21.6000
batch,2,66.1000
batch,2,206.9000
batch,2,76.9000
batch,2,50.1000
batch,2,28.7000
batch,2,12.7000
batch,2,45.6000
batch,2,154.4000
batch,2,49.3000
batch,2,83.1000
batch,2,70.6000
batch,2,17.4000
batch,2,83.7000
batch,2,15.0000
batch,2,10.3000
batch,2,3.1000
batch,2,58.8000
batch,2,235.0000
batch,2,39.9000
batch,2,32.4000
batch,2,168.7000
batch,2,41.7000
batch,2,52.5000
batch,2,300.3000
batch,2,75.2000
batch,2,55.5000
batch,2,161.4000
batch,2,53.0000
batch,2,49.0000
batch,2,37.9000
batch,2,53.0000
batch,2,104.3000
batch,2,25.1000
batch,2,17.8000
batch,2,29.5000
batch,2,60.9000
batch,2,173.9000
batch,2,37.9000
batch,2,153.6000
batch,2,146.3000
batch,2,297.6000
batch,2,162.7000
batch,2,96.5000
batch,2,63.6000
batch,2,156.2000
batch,2,73.2000
batch,2,96.0000
batch,2,74.8000
batch,2,309.6000
batch,2,214.3000
batch,2,53.4000
batch,2,72.9000
batch,2,66.3000
batch,2,1.3000
batch,2,84.9000
batch,2,33.3000
batch,2,49.9000
batch,2,164.4000
batch,2,87.1000
batch,2,82.5000
batch,2,82.1000
batch,2,198.4000
batch,2,186.6000
batch,2,23.9000
batch,2,23.3000
batch,2,77.3000
batch,2,66.1000
batch,2,111.6000
batch,2,96.0000
batch,2,2.4000
batch,2,60.1000
batch,2,48.4000
batch,2,49.9000
batch,2,561.7000
batch,2,133.9000
batch,2,55.7000
batch,2,129.3000
batch,2,158.4000
batch,2,41.1000
batch,2,45.8000
batch,2,23.6000
batch,2,115.6000
batch,2,221.9000
batch,2,124.7000
batch,2,19.7000
batch,2,159.7000
batch,2,83.0000
batch,2,61.6000
batch,2,252.9000
batch,2,55.7000
batch,2,84.8000
batch,2,73.0000
batch,2,153.9000
batch,2,149.3000
batch,2,34.3000
batch,2,61.2000
batch,2,79.0000
batch,2,75.5000
batch,2,57.2000
batch,2,92.3000
batch,2,56.5000
batch,2,133.4000
batch,2,35.7000
batch,2,50.1000
batch,2,94.1000
batch,2,75.4000
batch,2,64.7000
batch,2,40.9000
batch,2,50.3000
batch,2,4.6000
batch,2,143.7000
batch,2,100.2000
batch,2,35.7000
batch,2,122.0000
batch,2,174.4000
batch,2,23.3000
batch,2,43.5000
batch,2,179.2000
batch,2,58.7000
batch,2,38.0000
batch,2,95.7000
batch,2,105.8000
batch,2,4.6000
batch,2,132.1000
batch,2,70.8000
batch,2,97.6000
batch,2,165.8000
batch,2,82.7000
batch,2,133.7000
batch,2,69.2000
batch,2,148.8000
batch,2,245.3000
batch,2,195.5000
batch,2,95.6000
batch,2,60.2000
batch,2,113.8000
batch,2,73.8000
batch,2,40.5000
batch,2,34.2000
batch,2,43.1000
batch,2,16.2000
batch,2,125.8000
batch,2,64.9000
batch,2,63.6000
batch,2,65.6000
batch,2,73.5000
batch,2,202.2000
batch,2,104.9000
batch,2,128.5000
batch,2,527.5000
batch,2,368.6000
batch,2,258.9000
batch,2,69.4000
batch,2,235.5000
batch,2,556.0000
batch,2,88.6000
batch,2,72.4000
batch,2,173.5000
batch,2,65.6000
batch,2,60.7000
batch,2,127.9000
batch,2,57.2000
batch,2,166.0000
batch,2,72.4000
batch,2,138.3000
batch,2,175.5000
batch,2,50.2000
batch,2,104.7000
batch,2,136.1000
batch,2,95.6000
batch,2,165.3000
batch,2,194.4000
batch,2,217.6000
batch,2,107.1000
batch,2,164.6000
batch,2,170.7000
batch,2,131.9000
batch,2,115.0000
batch,2,30.1000
batch,2,84.0000
batch,2,142.1000
batch,2,166.9000
batch,2,69.4000
batch,2,65.4000
batch,2,40.5000
batch,2,81.9000
batch,2,126.0000
batch,2,125.5000
batch,2,138.1000
batch,2,540.6000
batch,2,165.4000
batch,2,119.6000
batch,2,278.0000
batch,2,62.8000
batch,2,114.9000
batch,2,84.9000
batch,2,164.3000
batch,2,123.2000
batch,2,162.3000
batch,2,189.9000
batch,2,186.8000
batch,2,125.3000
batch,2,95.0000
batch,2,79.7000
batch,2,134.8000
batch,2,105.3000
batch,2,99.7000
batch,2,142.8000
batch,2,108.6000
batch,2,245.8000
batch,2,175.1000
batch,2,68.2000
batch,2,204.3000
batch,2,117.1000
batch,2,85.8000
batch,2,66.3000
batch,2,136.6000
batch,2,133.6000
batch,2,135.6000
batch,2,152.1000
batch,2,156.3000
batch,2,290.5000
batch,2,221.3000
batch,2,84.0000
batch,2,76.6000
batch,2,229.9000
batch,2,106.1000
batch,2,89.3000
batch,2,219.4000
batch,2,114.1000
batch,2,180.0000
batch,2,107.3000
batch,2,174.6000
batch,2,170.7000
batch,2,70.8000
batch,2,25.8000
batch,2,350.5000
batch,2,135.7000
batch,2,169.1000
batch,2,126.7000
batch,2,304.6000
batch,2,199.0000
batch,2,115.5000
batch,2,558.6000
batch,2,245.4000
batch,2,524.7000
batch,2,195.6000
batch,2,499.8000
batch,2,118.0000
batch,2,337.7000
batch,2,14.8000
batch,2,934.2000
batch,2,227.1000
batch,2,123.0000
batch,2,229.3000
batch,2,0.9000
batch,2,35.5000
batch,2,226.7000
batch,2,205.4000
batch,2,145.8000
batch,2,108.3000
batch,2,154.7000
batch,2,250.5000
batch,2,94.9000
batch,2,204.5000
batch,2,477.0000
batch,2,146.5000
batch,2,158.1000
batch,2,451.6000
batch,2,213.8000
batch,2,107.8000
batch,2,175.8000
batch,2,115.6000
batch,2,291.4000
batch,2,113.0000
batch,2,136.3000
batch,2,55.8000
batch,2,127.3000
batch,2,159.3000
batch,2,757.0000
batch,2,98.4000
batch,2,139.1000
batch,2,272.5000
batch,2,269.1000
batch,2,66.3000
batch,2,171.2000
batch,2,183.3000
batch,2,528.8000
batch,2,1055.8000
batch,2,198.4000
batch,2,248.8000
batch,2,802.4000
batch,2,199.9000
batch,2,32.9000
batch,2,70.9000
batch,2,1094.1000
batch,2,137.6000
batch,2,174.6000
batch,2,167.9000
batch,2,75.1000
batch,2,190.6000
batch,2,79.3000
batch,2,146.2000
batch,2,194.8000
batch,2,163.9000
batch,2,171.4000
batch,2,673.3000
batch,2,482.7000
batch,2,181.3000
batch,2,270.6000
batch,2,107.1000
batch,2,174.9000
batch,2,420.8000
batch,2,1459.6000
batch,2,75.7000
batch,2,70.2000
batch,2,499.0000
batch,2,867.1000
batch,2,848.8000
batch,2,228.4000
batch,2,393.4000
batch,3,76.6000
batch,3,18.8000
batch,3,55.0000
batch,3,12.9000
batch,3,13.9000
batch,3,29.9000
batch,3,45.4000
batch,3,34.1000
batch,3,71.5000
batch,3,64.5000
batch,3,39.7000
batch,3,35.7000
batch,3,21.7000
batch,3,56.0000
batch,3,20.7000
batch,3,35.2000
batch,3,54.3000
batch,3,73.2000
batch,3,6.7000
batch,3,22.4000
batch,3,26.5000
batch,3,45.6000
batch,3,14.5000
batch,3,80.3000
batch,3,44.4000
batch,3,9.2000
batch,3,32.2000
batch,3,30.4000
batch,3,78.0000
batch,3,3.5000
batch,3,10.6000
batch,3,84.4000
batch,3,29.2000
batch,3,59.9000
batch,3,26.5000
batch,3,96.2000
batch,3,77.9000
batch,3,52.8000
batch,3,14.1000
batch,3,19.3000
batch,3,71.9000
batch,3,3.8000
batch,3,29.7000
batch,3,47.7000
batch,3,85.9000
batch,3,16.9000
batch,3,13.9000
batch,3,80.3000
batch,3,39.1000
batch,3,11.3000
batch,3,31.5000
batch,3,8.8000
batch,3,88.5000
batch,3,7.6000
batch,3,68.3000
batch,3,26.6000
batch,3,54.1000
batch,3,80.5000
batch,3,187.4000
batch,3,71.0000
batch,3,31.3000
batch,3,45.1000
batch,3,56.1000
batch,3,28.1000
batch,3,16.0000
batch,3,201.6000
batch,3,62.4000
batch,3,31.9000
batch,3,38.7000
batch,3,66.8000
batch,3,61.8000
batch,3,31.0000
batch,3,18.2000
batch,3,54.5000
batch,3,41.3000
batch,3,31.6000
batch,3,197.6000
batch,3,25.4000
batch,3,66.4000
batch,3,59.5000
batch,3,35.8000
batch,3,108.8000
batch,3,16.2000
batch,3,48.6000
batch,3,91.9000
batch,3,272.2000
batch,3,27.7000
batch,3,109.7000
batch,3,64.2000
batch,3,108.5000
batch,3,86.8000
batch,3,74.1000
batch,3,9.3000
batch,3,190.6000
batch,3,29.2000
batch,3,343.3000
batch,3,79.4000
batch,3,89.9000
batch,3,139.0000
batch,3,128.6000
batch,3,104.1000
batch,3,50.4000
batch,3,60.5000
batch,3,173.7000
batch,3,2.6000
batch,3,95.0000
batch,3,306.6000
batch,3,324.5000
batch,3,50.8000
batch,3,70.6000
batch,3,35.9000
batch,3,30.1000
batch,3,126.0000
batch,3,98.9000
batch,3,56.2000
batch,3,66.0000
batch,3,69.0000
batch,3,36.1000
batch,3,93.7000
batch,3,15.9000
batch,3,125.5000
batch,3,111.5000
batch,3,128.4000
batch,3,109.8000
batch,3,205.4000
batch,3,21.0000
batch,3,64.3000
batch,3,38.6000
batch,3,424.1000
batch,3,393.2000
batch,3,125.9000
batch,3,4.1000
batch,3,56.8000
batch,3,18.2000
batch,3,170.1000
batch,3,285.2000
batch,3,102.4000
batch,3,24.3000
batch,3,62.6000
batch,3,49.8000
batch,3,6.9000
batch,3,10.9000
batch,3,128.6000
batch,3,62.5000
batch,3,87.6000
batch,3,45.2000
batch,3,174.0000
batch,3,51.6000
batch,3,191.4000
batch,3,82.3000
batch,3,58.0000
batch,3,87.4000
batch,3,85.5000
batch,3,94.3000
batch,3,28.7000
batch,3,182.4000
batch,3,543.0000
batch,3,70.8000
batch,3,24.0000
batch,3,154.1000
batch,3,119.0000
batch,3,17.1000
batch,3,154.5000
batch,3,70.3000
batch,3,131.3000
batch,3,39.4000
batch,3,138.4000
batch,3,67.6000
batch,3,121.9000
batch,3,33.2000
batch,3,129.1000
batch,3,57.8000
batch,3,178.8000
batch,3,89.8000
batch,3,166.6000
batch,3,181.8000
batch,3,51.9000
batch,3,46.3000
batch,3,68.3000
batch,3,108.1000
batch,3,46.8000
batch,3,115.0000
batch,3,37.6000
batch,3,39.1000
batch,3,51.0000
batch,3,98.6000
batch,3,112.1000
batch,3,52.2000
batch,3,150.7000
batch,3,18.6000
batch,3,105.8000
batch,3,188.8000
batch,3,250.7000
batch,3,187.5000
batch,3,63.4000
batch,3,155.5000
batch,3,32.7000
batch,3,156.6000
batch,3,141.5000
batch,3,114.6000
batch,3,56.7000
batch,3,32.4000
batch,3,113.5000
batch,3,68.3000
batch,3,69.0000
batch,3,47.2000
batch,3,161.5000
batch,3,97.8000
batch,3,75.2000
batch,3,136.8000
batch,3,140.5000
batch,3,30.6000
batch,3,43.3000
batch,3,119.3000
batch,3,734.0000
batch,3,56.7000
batch,3,127.6000
batch,3,312.9000
batch,3,161.6000
batch,3,65.6000
batch,3,81.5000
batch,3,269.6000
batch,3,151.9000
batch,3,339.8000
batch,3,116.0000
batch,3,131.3000
batch,3,126.4000
batch,3,105.3000
batch,3,231.7000
batch,3,251.0000
batch,3,74.7000
batch,3,301.3000
batch,3,138.6000
batch,3,179.4000
batch,3,633.6000
batch,3,147.6000
batch,3,52.5000
batch,3,195.6000
batch,3,34.7000
batch,3,95.1000
batch,3,241.3000
batch,3,62.7000
batch,3,32.9000
batch,3,105.7000
batch,3,75.2000
batch,3,114.9000
batch,3,130.8000
batch,3,99.0000
batch,3,117.7000
batch,3,691.5000
batch,3,126.8000
batch,3,88.1000
batch,3,121.2000
batch,3,182.4000
batch,3,702.7000
batch,3,188.7000
batch,3,618.3000
batch,3,191.3000
batch,3,205.6000
batch,3,78.8000
batch,3,76.2000
batch,3,116.7000
batch,3,50.7000
batch,3,129.8000
batch,3,122.9000
batch,3,130.6000
batch,3,79.6000
batch,3,114.8000
batch,3,81.8000
batch,3,104.3000
batch,3,109.5000
batch,3,120.9000
batch,3,54.7000
batch,3,61.7000
batch,3,173.7000
batch,3,240.4000
batch,3,49.2000
batch,3,29.2000
batch,3,78.5000
batch,3,45.7000
batch,3,137.0000
batch,3,238.7000
batch,3,336.1000
batch,3,121.8000
batch,3,4.0000
batch,3,163.9000
batch,3,42.3000
batch,3,134.1000
batch,3,52.1000
batch,3,139.6000
batch,3,726.2000
batch,3,169.3000
batch,3,179.7000
batch,3,184.8000
batch,3,82.3000
batch,3,128.5000
batch,3,189.9000
batch,3,121.0000
batch,3,798.0000
batch,3,130.2000
batch,3,59.9000
batch,3,25.7000
batch,3,136.3000
batch,3,70.5000
batch,3,108.4000
batch,3,108.2000
batch,3,167.9000
batch,3,44.1000
batch,3,102.3000
batch,3,97.2000
batch,3,88.5000
batch,3,55.8000
batch,3,97.6000
batch,3,160.0000
batch,3,173.8000
batch,3,154.4000
batch,3,147.3000
batch,3,163.7000
batch,3,143.6000
batch,3,56.3000
batch,3,151.4000
batch,3,181.6000
batch,3,57.7000
batch,3,177.5000
batch,3,135.9000
batch,3,46.8000
batch,3,95.5000
batch,3,65.3000
batch,3,174.9000
batch,3,121.8000
batch,3,916.6000
batch,3,99.2000
batch,3,79.1000
batch,3,915.1000
batch,3,85.8000
batch,3,221.3000
batch,3,132.1000
batch,3,103.7000
batch,3,60.1000
batch,3,143.5000
batch,3,133.1000
batch,3,261.7000
batch,3,40.5000
batch,3,109.8000
batch,3,70.8000
batch,3,100.6000
batch,3,44.0000
batch,3,143.7000
batch,3,195.6000
batch,3,116.9000
batch,3,120.3000
batch,3,113.3000
batch,3,334.0000
batch,3,244.6000
batch,3,85.8000
batch,3,98.4000
batch,3,102.2000
batch,3,277.4000
batch,3,94.6000
batch,3,126.7000
batch,3,94.8000
batch,3,139.1000
batch,3,160.6000
batch,3,52.1000
batch,3,56.0000
batch,3,116.2000
batch,3,221.0000
batch,3,81.9000
batch,3,128.7000
batch,3,152.0000
batch,3,284.8000
batch,3,105.2000
batch,3,141.6000
batch,3,1024.3000
batch,3,236.5000
batch,3,118.2000
batch,3,180.5000
batch,3,192.5000
batch,3,55.7000
batch,3,119.1000
batch,3,148.6000
batch,3,72.8000
batch,3,212.2000
batch,3,188.0000
batch,3,230.5000
batch,3,135.2000
batch,3,311.6000
batch,3,126.0000
batch,3,43.8000
batch,3,70.4000
batch,3,136.3000
batch,3,71.9000
batch,3,564.3000
batch,3,65.6000
batch,3,212.1000
batch,3,251.9000
batch,3,249.2000
batch,3,237.0000
batch,3,92.5000
batch,3,40.3000
batch,3,1057.5000
batch,3,122.0000
batch,3,155.2000
batch,3,179.0000
batch,3,276.6000
batch,3,230.6000
batch,3,138.8000
batch,3,147.3000
batch,3,28.7000
batch,3,269.8000
batch,3,1046.9000
batch,3,250.5000
batch,3,101.5000
batch,3,930.3000
batch,3,634.6000
batch,3,151.4000
batch,3,278.4000
batch,3,135.4000
batch,3,78.5000
batch,3,156.1000
batch,3,325.6000
batch,3,249.4000
batch,3,1024.2000
batch,3,450.9000
batch,3,501.3000
batch,3,1384.4000
batch,3,697.3000
batch,3,535.7000
batch,3,932.0000
batch,3,92.4000
batch,4,34.1000
batch,4,59.1000
batch,4,15.9000
batch,4,27.1000
batch,4,26.7000
batch,4,30.1000
batch,4,24.1000
batch,4,42.9000
batch,4,93.4000
batch,4,19.1000
batch,4,50.8000
batch,4,26.6000
batch,4,23.9000
batch,4,16.6000
batch,4,25.5000
batch,4,13.3000
batch,4,46.1000
batch,4,9.1000
batch,4,36.3000
batch,4,65.8000
batch,4,54.1000
batch,4,28.7000
batch,4,13.0000
batch,4,526.7000
batch,4,35.8000
batch,4,51.6000
batch,4,160.8000
batch,4,37.8000
batch,4,32.4000
batch,4,52.3000
batch,4,56.5000
batch,4,27.7000
batch,4,211.5000
batch,4,42.6000
batch,4,62.9000
batch,4,36.2000
batch,4,13.1000
batch,4,263.8000
batch,4,22.5000
batch,4,25.8000
batch,4,89.1000
batch,4,85.1000
batch,4,18.4000
batch,4,26.7000
batch,4,32.5000
batch,4,46.5000
batch,4,41.7000
batch,4,43.0000
batch,4,47.9000
batch,4,82.6000
batch,4,44.9000
batch,4,53.2000
batch,4,15.7000
batch,4,30.0000
batch,4,49.7000
batch,4,39.4000
batch,4,62.2000
batch,4,46.3000
batch,4,3.8000
batch,4,47.7000
batch,4,19.9000
batch,4,57.0000
batch,4,92.4000
batch,4,123.7000
batch,4,23.0000
batch,4,38.3000
batch,4,47.9000
batch,4,33.4000
batch,4,81.8000
batch,4,180.6000
batch,4,42.8000
batch,4,57.1000
batch,4,38.1000
batch,4,63.1000
batch,4,76.0000
batch,4,26.7000
batch,4,23.9000
batch,4,65.2000
batch,4,43.2000
batch,4,110.0000
batch,4,69.8000
batch,4,113.1000
batch,4,36.6000
batch,4,77.6000
batch,4,26.4000
batch,4,41.4000
batch,4,13.6000
batch,4,112.8000
batch,4,19.2000
batch,4,19.5000
batch,4,208.2000
batch,4,42.8000
batch,4,84.2000
batch,4,89.5000
batch,4,40.2000
batch,4,127.0000
batch,4,115.5000
batch,4,79.7000
batch,4,107.6000
batch,4,93.8000
batch,4,2.8000
batch,4,21.8000
batch,4,51.5000
batch,4,39.6000
batch,4,42.3000
batch,4,25.3000
batch,4,22.2000
batch,4,114.6000
batch,4,410.7000
batch,4,80.3000
batch,4,101.8000
batch,4,97.4000
batch,4,17.8000
batch,4,21.5000
batch,4,421.0000
batch,4,143.5000
batch,4,85.7000
batch,4,30.4000
batch,4,49.1000
batch,4,33.5000
batch,4,50.3000
batch,4,42.8000
batch,4,111.0000
batch,4,48.4000
batch,4,92.9000
batch,4,78.5000
batch,4,174.3000
batch,4,61.3000
batch,4,46.2000
batch,4,161.8000
batch,4,29.7000
batch,4,12.9000
batch,4,8.3000
batch,4,32.7000
batch,4,82.6000
batch,4,68.5000
batch,4,110.8000
batch,4,149.0000
batch,4,78.0000
batch,4,100.2000
batch,4,184.5000
batch,4,80.8000
batch,4,78.4000
batch,4,41.2000
batch,4,80.2000
batch,4,77.1000
batch,4,303.7000
batch,4,88.2000
batch,4,69.8000
batch,4,37.6000
batch,4,53.7000
batch,4,73.3000
batch,4,147.4000
batch,4,169.8000
batch,4,44.8000
batch,4,65.3000
batch,4,171.6000
batch,4,98.2000
batch,4,139.4000
batch,4,91.1000
batch,4,89.7000
batch,4,47.7000
batch,4,170.2000
batch,4,54.6000
batch,4,16.9000
batch,4,98.6000
batch,4,147.9000
batch,4,210.1000
batch,4,54.6000
batch,4,58.8000
batch,4,248.4000
batch,4,41.2000
batch,4,80.3000
batch,4,36.7000
batch,4,373.0000
batch,4,85.5000
batch,4,229.3000
batch,4,304.7000
batch,4,46.5000
batch,4,101.2000
batch,4,96.0000
batch,4,73.1000
batch,4,2.2000
batch,4,53.3000
batch,4,480.1000
batch,4,69.4000
batch,4,176.7000
batch,4,630.2000
batch,4,3.2000
batch,4,113.4000
batch,4,84.9000
batch,4,54.7000
batch,4,113.0000
batch,4,296.7000
batch,4,22.5000
batch,4,73.4000
batch,4,139.1000
batch,4,245.0000
batch,4,143.1000
batch,4,56.5000
batch,4,135.7000
batch,4,53.3000
batch,4,21.2000
batch,4,69.5000
batch,4,26.6000
batch,4,193.5000
batch,4,170.3000
batch,4,133.7000
batch,4,57.8000
batch,4,107.7000
batch,4,27.5000
batch,4,109.2000
batch,4,605.5000
batch,4,206.1000
batch,4,91.9000
batch,4,42.0000
batch,4,69.1000
batch,4,105.0000
batch,4,211.6000
batch,4,52.2000
batch,4,209.6000
batch,4,65.3000
batch,4,63.8000
batch,4,271.5000
batch,4,118.5000
batch,4,95.2000
batch,4,86.2000
batch,4,174.8000
batch,4,131.5000
batch,4,185.8000
batch,4,104.1000
batch,4,66.3000
batch,4,16.7000
batch,4,172.3000
batch,4,57.7000
batch,4,191.6000
batch,4,112.9000
batch,4,55.9000
batch,4,77.4000
batch,4,68.7000
batch,4,132.9000
batch,4,49.5000
batch,4,3.2000
batch,4,180.1000
batch,4,54.0000
batch,4,135.6000
batch,4,95.0000
batch,4,21.7000
batch,4,115.9000
batch,4,60.8000
batch,4,149.5000
batch,4,80.1000
batch,4,147.7000
batch,4,73.8000
batch,4,182.6000
batch,4,91.1000
batch,4,89.8000
batch,4,172.0000
batch,4,98.0000
batch,4,103.6000
batch,4,74.1000
batch,4,60.2000
batch,4,129.9000
batch,4,66.0000
batch,4,182.5000
batch,4,84.9000
batch,4,48.8000
batch,4,64.6000
batch,4,192.2000
batch,4,159.9000
batch,4,152.4000
batch,4,71.1000
batch,4,238.2000
batch,4,131.5000
batch,4,221.8000
batch,4,302.8000
batch,4,77.3000
batch,4,251.9000
batch,4,179.9000
batch,4,173.9000
batch,4,880.4000
batch,4,390.5000
batch,4,140.8000
batch,4,128.2000
batch,4,119.7000
batch,4,93.1000
batch,4,141.7000
batch,4,908.5000
batch,4,183.6000
batch,4,1091.1000
batch,4,205.8000
batch,4,151.7000
batch,4,115.6000
batch,4,184.8000
batch,4,110.8000
batch,4,118.9000
batch,4,1008.3000
batch,4,82.3000
batch,4,161.6000
batch,4,215.9000
batch,4,141.1000
batch,4,27.6000
batch,4,101.9000
batch,4,157.6000
batch,4,292.5000
batch,4,150.4000
batch,4,131.2000
batch,4,133.8000
batch,4,54.6000
batch,4,104.9000
batch,4,1033.6000
batch,4,145.3000
batch,4,82.4000
batch,4,40.3000
batch,4,172.1000
batch,4,257.1000
batch,4,249.3000
batch,4,293.7000
batch,4,391.4000
batch,4,988.5000
batch,4,153.4000
batch,4,104.3000
batch,4,258.3000
batch,4,89.5000
batch,4,71.7000
batch,4,144.1000
batch,4,349.6000
batch,4,225.1000
batch,4,239.4000
batch,4,252.3000
batch,4,144.1000
batch,4,36.1000
batch,4,58.9000
batch,4,141.6000
batch,4,108.5000
batch,4,125.7000
batch,4,143.2000
batch,4,201.7000
batch,4,138.9000
batch,4,52.0000
batch,4,166.5000
batch,4,185.5000
batch,4,199.5000
batch,4,279.6000
batch,4,180.3000
batch,4,63.8000
batch,4,92.5000
batch,4,199.5000
batch,4,172.4000
batch,4,157.5000
batch,4,74.3000
batch,4,214.4000
batch,4,465.3000
batch,4,114.9000
batch,4,153.5000
batch,4,261.7000
batch,4,214.3000
batch,4,189.9000
batch,4,140.6000
batch,4,240.2000
batch,4,167.5000
batch,4,97.8000
batch,4,102.8000
batch,4,197.0000
batch,4,253.7000
batch,4,257.4000
batch,4,267.2000
batch,4,1351.5000
batch,4,144.5000
batch,4,210.8000
batch,4,119.3000
batch,4,209.7000
batch,4,168.9000
batch,4,459.7000
batch,4,202.5000
batch,4,117.1000
batch,4,144.7000
batch,4,106.9000
batch,4,177.1000
batch,4,234.0000
batch,4,253.6000
batch,4,264.3000
batch,4,60.4000
batch,4,246.9000
batch,4,75.0000
batch,4,179.9000
batch,4,358.9000
batch,4,156.3000
batch,4,143.1000
batch,4,215.6000
batch,4,117.7000
batch,4,292.7000
batch,4,90.4000
batch,4,100.9000
batch,4,118.1000
batch,4,286.5000
batch,4,276.3000
batch,4,166.2000
batch,4,162.9000
batch,4,156.8000
batch,4,210.7000
batch,4,78.6000
batch,4,74.5000
batch,4,68.4000
batch,4,174.4000
batch,4,161.7000
batch,4,180.2000
batch,4,190.2000
batch,4,1267.9000
batch,4,716.9000
batch,4,313.8000
batch,4,436.0000
batch,4,193.6000
batch,4,880.3000
batch,4,72.6000
batch,4,144.7000
batch,4,240.7000
batch,4,175.7000
batch,4,109.8000
batch,4,786.1000
batch,4,376.9000
batch,4,519.6000
batch,4,91.4000
batch,4,902.4000
batch,4,1075.3000
batch,4,1038.7000
batch,4,563.9000
batch,4,1221.6000
batch,4,84.3000
batch,4,1048.4000
batch,4,1302.0000
batch,5,18.7000
batch,5,7.3000
batch,5,22.0000
batch,5,70.4000
batch,5,55.4000
batch,5,69.5000
batch,5,27.0000
batch,5,47.4000
batch,5,22.5000
batch,5,20.7000
batch,5,15.5000
batch,5,29.5000
batch,5,13.7000
batch,5,46.0000
batch,5,41.0000
batch,5,27.9000
batch,5,70.9000
batch,5,49.7000
batch,5,41.0000
batch,5,69.4000
batch,5,26.1000
batch,5,45.9000
batch,5,25.1000
batch,5,32.9000
batch,5,78.7000
batch,5,153.6000
batch,5,11.3000
batch,5,55.9000
batch,5,67.7000
batch,5,87.6000
batch,5,25.3000
batch,5,26.4000
batch,5,46.4000
batch,5,74.6000
batch,5,84.2000
batch,5,29.0000
batch,5,62.4000
batch,5,2.4000
batch,5,127.8000
batch,5,16.2000
batch,5,27.1000
batch,5,301.4000
batch,5,42.4000
batch,5,71.8000
batch,5,72.9000
batch,5,5.6000
batch,5,95.4000
batch,5,43.7000
batch,5,64.3000
batch,5,3.4000
batch,5,75.1000
batch,5,141.8000
batch,5,71.3000
batch,5,103.6000
batch,5,24.7000
batch,5,42.6000
batch,5,13.3000
batch,5,51.8000
batch,5,32.2000
batch,5,19.5000
batch,5,123.4000
batch,5,9.0000
batch,5,38.8000
batch,5,49.7000
batch,5,26.8000
batch,5,72.4000
batch,5,11.9000
batch,5,84.4000
batch,5,69.6000
batch,5,78.7000
batch,5,34.9000
batch,5,12.5000
batch,5,64.3000
batch,5,19.3000
batch,5,25.5000
batch,5,79.0000
batch,5,74.1000
batch,5,35.9000
batch,5,83.9000
batch,5,49.4000
batch,5,49.3000
batch,5,50.2000
batch,5,32.1000
batch,5,28.5000
batch,5,52.1000
batch,5,30.9000
batch,5,69.7000
batch,5,67.8000
batch,5,57.1000
batch,5,67.4000
batch,5,4.5000
batch,5,39.6000
batch,5,32.6000
batch,5,54.7000
batch,5,68.4000
batch,5,62.1000
batch,5,10.0000
batch,5,17.8000
batch,5,37.2000
batch,5,26.9000
batch,5,58.1000
batch,5,50.9000
batch,5,98.6000
batch,5,91.1000
batch,5,316.3000
batch,5,64.5000
batch,5,50.6000
batch,5,3.0000
batch,5,9.5000
batch,5,87.1000
batch,5,33.9000
batch,5,79.3000
batch,5,3.1000
batch,5,38.6000
batch,5,65.2000
batch,5,15.1000
batch,5,53.3000
batch,5,30.3000
batch,5,50.7000
batch,5,23.8000
batch,5,107.2000
batch,5,56.7000
batch,5,48.6000
batch,5,87.6000
batch,5,72.1000
batch,5,55.1000
batch,5,134.9000
batch,5,241.3000
batch,5,3.9000
batch,5,43.4000
batch,5,33.2000
batch,5,67.2000
batch,5,55.7000
batch,5,99.2000
batch,5,140.2000
batch,5,169.0000
batch,5,303.1000
batch,5,113.4000
batch,5,86.0000
batch,5,71.1000
batch,5,7.1000
batch,5,115.5000
batch,5,115.6000
batch,5,50.2000
batch,5,77.1000
batch,5,54.3000
batch,5,83.2000
batch,5,70.7000
batch,5,103.6000
batch,5,90.3000
batch,5,46.3000
batch,5,117.1000
batch,5,117.0000
batch,5,64.9000
batch,5,36.8000
batch,5,47.1000
batch,5,10.9000
batch,5,42.6000
batch,5,159.9000
batch,5,271.2000
batch,5,78.5000
batch,5,167.2000
batch,5,20.7000
batch,5,105.8000
batch,5,29.5000
batch,5,86.4000
batch,5,39.7000
batch,5,28.1000
batch,5,149.7000
batch,5,61.8000
batch,5,100.5000
batch,5,177.4000
batch,5,169.4000
batch,5,10.8000
batch,5,290.6000
batch,5,174.5000
batch,5,38.9000
batch,5,28.9000
batch,5,160.0000
batch,5,27.7000
batch,5,47.3000
batch,5,601.8000
batch,5,189.3000
batch,5,103.8000
batch,5,138.4000
batch,5,43.5000
batch,5,96.1000
batch,5,155.0000
batch,5,47.2000
batch,5,39.2000
batch,5,95.2000
batch,5,37.5000
batch,5,26.7000
batch,5,85.4000
batch,5,76.6000
batch,5,41.4000
batch,5,67.9000
batch,5,82.3000
batch,5,331.9000
batch,5,77.4000
batch,5,137.5000
batch,5,25.1000
batch,5,141.5000
batch,5,84.8000
batch,5,7.2000
batch,5,117.9000
batch,5,191.0000
batch,5,182.4000
batch,5,17.0000
batch,5,117.2000
batch,5,113.3000
batch,5,65.6000
batch,5,76.6000
batch,5,231.4000
batch,5,31.2000
batch,5,59.2000
batch,5,119.1000
batch,5,46.1000
batch,5,32.5000
batch,5,152.1000
batch,5,87.5000
batch,5,178.1000
batch,5,322.0000
batch,5,7.8000
batch,5,169.3000
batch,5,503.0000
batch,5,54.7000
batch,5,120.6000
batch,5,27.4000
batch,5,71.6000
batch,5,207.9000
batch,5,180.7000
batch,5,126.8000
batch,5,491.2000
batch,5,88.2000
batch,5,328.6000
batch,5,87.1000
batch,5,171.5000
batch,5,172.4000
batch,5,69.8000
batch,5,142.7000
batch,5,76.7000
batch,5,60.2000
batch,5,43.6000
batch,5,89.6000
batch,5,178.3000
batch,5,195.5000
batch,5,66.3000
batch,5,127.6000
batch,5,179.1000
batch,5,52.1000
batch,5,64.4000
batch,5,179.2000
batch,5,86.2000
batch,5,215.1000
batch,5,102.6000
batch,5,82.4000
batch,5,68.1000
batch,5,73.7000
batch,5,8.6000
batch,5,91.4000
batch,5,122.3000
batch,5,186.7000
batch,5,82.0000
batch,5,400.0000
batch,5,182.5000
batch,5,70.1000
batch,5,229.3000
batch,5,68.1000
batch,5,87.2000
batch,5,63.6000
batch,5,127.1000
batch,5,90.8000
batch,5,215.5000
batch,5,57.4000
batch,5,113.6000
batch,5,48.7000
batch,5,65.5000
batch,5,255.3000
batch,5,93.0000
batch,5,176.7000
batch,5,107.6000
batch,5,44.7000
batch,5,130.5000
batch,5,222.4000
batch,5,284.9000
batch,5,558.8000
batch,5,142.3000
batch,5,229.5000
batch,5,72.4000
batch,5,155.5000
batch,5,123.1000
batch,5,124.7000
batch,5,193.3000
batch,5,228.6000
batch,5,43.3000
batch,5,332.6000
batch,5,120.9000
batch,5,68.7000
batch,5,36.5000
batch,5,380.7000
batch,5,75.4000
batch,5,137.1000
batch,5,149.5000
batch,5,52.5000
batch,5,100.1000
batch,5,67.6000
batch,5,207.1000
batch,5,209.4000
batch,5,146.6000
batch,5,103.6000
batch,5,121.7000
batch,5,313.8000
batch,5,588.7000
batch,5,219.0000
batch,5,201.0000
batch,5,150.8000
batch,5,119.2000
batch,5,109.9000
batch,5,116.6000
batch,5,205.3000
batch,5,209.9000
batch,5,159.2000
batch,5,14.7000
batch,5,159.1000
batch,5,303.5000
batch,5,59.0000
batch,5,139.9000
batch,5,197.1000
batch,5,55.2000
batch,5,197.0000
batch,5,171.1000
batch,5,138.9000
batch,5,181.6000
batch,5,122.4000
batch,5,247.0000
batch,5,62.5000
batch,5,231.8000
batch,5,167.4000
batch,5,216.9000
batch,5,269.4000
batch,5,67.2000
batch,5,166.9000
batch,5,85.6000
batch,5,189.6000
batch,5,303.9000
batch,5,154.5000
batch,5,84.8000
batch,5,156.1000
batch,5,157.8000
batch,5,90.4000
batch,5,381.2000
batch,5,215.5000
batch,5,115.8000
batch,5,92.5000
batch,5,194.8000
batch,5,296.3000
batch,5,126.2000
batch,5,592.1000
batch,5,205.4000
batch,5,126.4000
batch,5,138.3000
batch,5,163.8000
batch,5,859.0000
batch,5,229.1000
batch,5,190.5000
batch,5,136.6000
batch,5,269.9000
batch,5,268.4000
batch,5,148.5000
batch,5,180.8000
batch,5,307.5000
batch,5,261.7000
batch,5,185.7000
batch,5,210.0000
batch,5,156.3000
batch,5,154.0000
batch,5,135.7000
batch,5,506.9000
batch,5,631.4000
batch,5,223.9000
batch,5,109.1000
batch,5,201.8000
batch,5,226.0000
batch,5,187.7000
batch,5,135.9000
batch,5,521.5000
batch,5,618.2000
batch,5,942.5000
batch,5,285.4000
batch,5,109.6000
batch,5,260.8000
batch,5,402.8000
batch,5,264.7000
batch,5,306.4000
batch,5,327.5000
batch,5,670.5000
batch,5,265.2000
batch,5,102.2000
batch,5,666.1000
batch,5,194.0000
batch,5,252.5000
batch,5,318.3000
batch,5,101.9000
batch,5,110.6000
batch,5,123.2000
batch,5,750.3000
batch,5,588.8000
batch,5,716.1000
batch,5,1071.8000
batch,5,61.1000
batch,5,735.3000
batch,5,1482.9000
batch,5,435.0000
batch,6,0.1000
batch,6,37.9000
batch,6,36.9000
batch,6,5.0000
batch,6,20.4000
batch,6,51.5000
batch,6,16.5000
batch,6,43.6000
batch,6,16.7000
batch,6,21.9000
batch,6,24.2000
batch,6,14.5000
batch,6,31.0000
batch,6,6.7000
batch,6,29.8000
batch,6,16.9000
batch,6,29.2000
batch,6,33.5000
batch,6,33.0000
batch,6,33.0000
batch,6,16.3000
batch,6,54.1000
batch,6,39.1000
batch,6,39.6000
batch,6,35.4000
batch,6,34.7000
batch,6,37.8000
batch,6,81.7000
batch,6,1.7000
batch,6,1.4000
batch,6,26.4000
batch,6,43.6000
batch,6,32.4000
batch,6,288.1000
batch,6,61.8000
batch,6,13.0000
batch,6,8.1000
batch,6,27.4000
batch,6,2.7000
batch,6,37.8000
batch,6,64.7000
batch,6,53.4000
batch,6,53.4000
batch,6,2.2000
batch,6,13.9000
batch,6,15.7000
batch,6,43.5000
batch,6,98.3000
batch,6,67.2000
batch,6,54.5000
batch,6,57.3000
batch,6,45.1000
batch,6,8.6000
batch,6,71.1000
batch,6,8.4000
batch,6,35.0000
batch,6,84.2000
batch,6,102.8000
batch,6,70.6000
batch,6,77.6000
batch,6,6.5000
batch,6,19.8000
batch,6,46.0000
batch,6,3.4000
batch,6,26.5000
batch,6,104.4000
batch,6,72.4000
batch,6,27.2000
batch,6,57.2000
batch,6,22.0000
batch,6,179.2000
batch,6,47.0000
batch,6,26.3000
batch,6,257.8000
batch,6,11.4000
batch,6,48.4000
batch,6,64.6000
batch,6,22.5000
batch,6,44.6000
batch,6,126.5000
batch,6,26.6000
batch,6,58.8000
batch,6,103.3000
batch,6,130.7000
batch,6,37.4000
batch,6,59.7000
batch,6,68.2000
batch,6,18.7000
batch,6,20.7000
batch,6,60.1000
batch,6,81.8000
batch,6,41.4000
batch,6,72.2000
batch,6,28.0000
batch,6,124.1000
batch,6,100.7000
batch,6,17.5000
batch,6,66.4000
batch,6,42.4000
batch,6,27.6000
batch,6,12.6000
batch,6,110.2000
batch,6,92.6000
batch,6,15.8000
batch,6,34.5000
batch,6,45.8000
batch,6,210.7000
batch,6,50.0000
batch,6,68.8000
batch,6,34.2000
batch,6,4.8000
batch,6,2.6000
batch,6,154.8000
batch,6,43.0000
batch,6,33.4000
batch,6,17.8000
batch,6,206.2000
batch,6,24.9000
batch,6,51.3000
batch,6,64.7000
batch,6,74.8000
batch,6,22.9000
batch,6,42.9000
batch,6,80.4000
batch,6,115.5000
batch,6,44.2000
batch,6,11.1000
batch,6,96.0000
batch,6,38.6000
batch,6,95.2000
batch,6,93.8000
batch,6,64.9000
batch,6,39.7000
batch,6,84.3000
batch,6,77.7000
batch,6,51.5000
batch,6,33.1000
batch,6,53.0000
batch,6,36.3000
batch,6,55.1000
batch,6,200.8000
batch,6,8.7000
batch,6,155.1000
batch,6,65.4000
batch,6,41.3000
batch,6,22.7000
batch,6,214.9000
batch,6,28.4000
batch,6,97.6000
batch,6,27.2000
batch,6,95.6000
batch,6,143.2000
batch,6,65.7000
batch,6,94.9000
batch,6,53.5000
batch,6,75.5000
batch,6,9.4000
batch,6,254.1000
batch,6,76.5000
batch,6,112.2000
batch,6,75.3000
batch,6,27.6000
batch,6,23.2000
batch,6,164.2000
batch,6,53.8000
batch,6,123.8000
batch,6,136.4000
batch,6,126.5000
batch,6,207.4000
batch,6,6.3000
batch,6,58.0000
batch,6,104.5000
batch,6,32.4000
batch,6,105.8000
batch,6,179.5000
batch,6,139.5000
batch,6,70.6000
batch,6,73.3000
batch,6,56.9000
batch,6,76.5000
batch,6,152.4000
batch,6,40.6000
batch,6,129.7000
batch,6,5.5000
batch,6,82.8000
batch,6,63.8000
batch,6,139.5000
batch,6,241.7000
batch,6,103.3000
batch,6,248.8000
batch,6,67.5000
batch,6,48.7000
batch,6,117.5000
batch,6,67.5000
batch,6,99.9000
batch,6,198.4000
batch,6,199.2000
batch,6,108.9000
batch,6,124.2000
batch,6,66.9000
batch,6,50.2000
batch,6,228.9000
batch,6,121.9000
batch,6,135.7000
batch,6,234.1000
batch,6,137.9000
batch,6,96.6000
batch,6,99.6000
batch,6,28.5000
batch,6,1.3000
batch,6,119.6000
batch,6,135.4000
batch,6,283.2000
batch,6,33.8000
batch,6,112.5000
batch,6,381.1000
batch,6,89.3000
batch,6,200.4000
batch,6,40.5000
batch,6,183.7000
batch,6,104.7000
batch,6,138.5000
batch,6,92.8000
batch,6,90.0000
batch,6,130.0000
batch,6,62.2000
batch,6,149.0000
batch,6,211.5000
batch,6,43.6000
batch,6,215.8000
batch,6,91.5000
batch,6,6.0000
batch,6,130.3000
batch,6,95.5000
batch,6,95.5000
batch,6,126.5000
batch,6,219.6000
batch,6,127.8000
batch,6,48.8000
batch,6,98.7000
batch,6,115.7000
batch,6,141.9000
batch,6,159.3000
batch,6,32.3000
batch,6,261.9000
batch,6,177.7000
batch,6,63.6000
batch,6,177.6000
batch,6,108.7000
batch,6,98.9000
batch,6,188.5000
batch,6,176.3000
batch,6,97.4000
batch,6,110.5000
batch,6,56.7000
batch,6,113.3000
batch,6,140.1000
batch,6,201.5000
batch,6,30.0000
batch,6,222.2000
batch,6,104.2000
batch,6,171.2000
batch,6,34.8000
batch,6,52.9000
batch,6,81.7000
batch,6,145.4000
batch,6,121.8000
batch,6,575.1000
batch,6,147.9000
batch,6,120.8000
batch,6,126.0000
batch,6,29.5000
batch,6,69.6000
batch,6,135.8000
batch,6,62.5000
batch,6,130.7000
batch,6,116.4000
batch,6,128.3000
batch,6,51.4000
batch,6,55.8000
batch,6,102.6000
batch,6,146.2000
batch,6,119.9000
batch,6,191.5000
batch,6,150.0000
batch,6,317.2000
batch,6,48.6000
batch,6,170.1000
batch,6,80.6000
batch,6,143.9000
batch,6,186.5000
batch,6,133.7000
batch,6,149.1000
batch,6,167.9000
batch,6,128.8000
batch,6,138.4000
batch,6,84.4000
batch,6,203.7000
batch,6,193.8000
batch,6,117.5000
batch,6,127.8000
batch,6,11.6000
batch,6,71.4000
batch,6,213.6000
batch,6,143.9000
batch,6,42.8000
batch,6,166.7000
batch,6,90.1000
batch,6,72.7000
batch,6,41.0000
batch,6,147.2000
batch,6,74.0000
batch,6,81.2000
batch,6,202.7000
batch,6,215.4000
batch,6,227.2000
batch,6,97.4000
batch,6,121.6000
batch,6,191.6000
batch,6,145.2000
batch,6,179.2000
batch,6,27.3000
batch,6,182.3000
batch,6,177.1000
batch,6,158.2000
batch,6,166.6000
batch,6,145.5000
batch,6,254.1000
batch,6,346.7000
batch,6,174.5000
batch,6,170.9000
batch,6,58.2000
batch,6,109.5000
batch,6,200.7000
batch,6,150.1000
batch,6,95.2000
batch,6,174.5000
batch,6,150.2000
batch,6,159.8000
batch,6,126.2000
batch,6,90.4000
batch,6,214.6000
batch,6,533.5000
batch,6,81.3000
batch,6,112.9000
batch,6,203.7000
batch,6,174.0000
batch,6,143.8000
batch,6,132.5000
batch,6,147.8000
batch,6,141.8000
batch,6,191.1000
batch,6,150.8000
batch,6,184.6000
batch,6,236.2000
batch,6,235.3000
batch,6,342.0000
batch,6,76.2000
batch,6,492.3000
batch,6,173.1000
batch,6,153.6000
batch,6,148.3000
batch,6,251.5000
batch,6,93.3000
batch,6,79.0000
batch,6,80.6000
batch,6,126.2000
batch,6,72.3000
batch,6,94.6000
batch,6,136.2000
batch,6,141.9000
batch,6,144.3000
batch,6,180.8000
batch,6,212.0000
batch,6,676.0000
batch,6,77.0000
batch,6,136.2000
batch,6,230.2000
batch,6,178.4000
batch,6,176.5000
batch,6,33.2000
batch,6,214.6000
batch,6,208.6000
batch,6,59.7000
batch,6,230.8000
batch,6,236.8000
batch,6,152.6000
batch,6,148.6000
batch,6,329.6000
batch,6,341.8000
batch,6,53.2000
batch,6,170.1000
batch,6,203.2000
batch,6,141.1000
batch,6,263.7000
batch,6,73.5000
batch,6,87.3000
batch,6,169.1000
batch,6,141.5000
batch,6,96.3000
batch,6,246.6000
batch,6,111.5000
batch,6,182.6000
batch,6,189.6000
batch,6,107.5000
batch,6,308.7000
batch,6,170.0000
batch,6,485.2000
batch,6,77.1000
batch,6,104.4000
batch,6,232.8000
batch,6,204.0000
batch,6,270.2000
batch,6,95.0000
batch,6,229.0000
batch,6,40.7000
batch,6,156.4000
batch,6,311.7000
batch,6,169.1000
batch,6,149.9000
batch,6,476.9000
batch,6,175.5000
batch,6,53.6000
batch,6,183.9000
batch,6,40.0000
batch,6,119.2000
batch,6,338.2000
batch,6,160.0000
batch,6,106.5000
batch,6,143.1000
batch,6,158.2000
batch,6,777.7000
batch,6,129.8000
batch,6,169.6000
batch,6,249.4000
batch,6,203.4000
batch,6,861.9000
batch,6,122.1000
batch,6,199.0000
batch,6,165.3000
batch,6,460.3000
batch,6,229.1000
batch,6,111.0000
batch,6,761.9000
batch,7,18.3000
batch,7,37.4000
batch,7,76.2000
batch,7,18.3000
batch,7,29.4000
batch,7,70.8000
batch,7,33.2000
batch,7,7.6000
batch,7,35.6000
batch,7,51.2000
batch,7,26.1000
batch,7,15.6000
batch,7,148.6000
batch,7,52.2000
batch,7,15.9000
batch,7,35.8000
batch,7,60.5000
batch,7,53.9000
batch,7,33.3000
batch,7,12.2000
batch,7,52.8000
batch,7,25.1000
batch,7,3.7000
batch,7,99.1000
batch,7,67.4000
batch,7,6.5000
batch,7,18.8000
batch,7,21.2000
batch,7,61.3000
batch,7,100.2000
batch,7,66.0000
batch,7,35.7000
batch,7,20.2000
batch,7,59.7000
batch,7,4.0000
batch,7,48.3000
batch,7,51.0000
batch,7,2.2000
batch,7,27.8000
batch,7,35.9000
batch,7,46.2000
batch,7,70.0000
batch,7,47.2000
batch,7,52.1000
batch,7,22.4000
batch,7,24.0000
batch,7,123.3000
batch,7,67.2000
batch,7,141.6000
batch,7,81.3000
batch,7,74.7000
batch,7,68.4000
batch,7,52.3000
batch,7,98.2000
batch,7,18.8000
batch,7,102.8000
batch,7,22.7000
batch,7,129.1000
batch,7,63.2000
batch,7,26.0000
batch,7,22.7000
batch,7,18.3000
batch,7,47.6000
batch,7,5.4000
batch,7,23.4000
batch,7,254.7000
batch,7,73.4000
batch,7,84.3000
batch,7,48.2000
batch,7,6.5000
batch,7,54.2000
batch,7,48.9000
batch,7,39.7000
batch,7,39.3000
batch,7,126.2000
batch,7,37.9000
batch,7,94.3000
batch,7,17.2000
batch,7,150.5000
batch,7,66.9000
batch,7,261.3000
batch,7,40.9000
batch,7,49.6000
batch,7,55.9000
batch,7,268.5000
batch,7,118.8000
batch,7,229.4000
batch,7,16.6000
batch,7,57.0000
batch,7,85.4000
batch,7,55.9000
batch,7,38.5000
batch,7,7.7000
batch,7,23.5000
batch,7,80.2000
batch,7,50.5000
batch,7,25.1000
batch,7,120.5000
batch,7,21.3000
batch,7,29.6000
batch,7,33.7000
batch,7,80.7000
batch,7,55.9000
batch,7,141.3000
batch,7,35.2000
batch,7,49.0000
batch,7,46.1000
batch,7,37.6000
batch,7,17.8000
batch,7,78.1000
batch,7,23.2000
batch,7,99.8000
batch,7,45.4000
batch,7,40.2000
batch,7,34.9000
batch,7,170.7000
batch,7,34.8000
batch,7,75.4000
batch,7,55.1000
batch,7,18.9000
batch,7,69.1000
batch,7,125.5000
batch,7,116.7000
batch,7,41.5000
batch,7,101.9000
batch,7,33.6000
batch,7,37.9000
batch,7,96.1000
batch,7,57.4000
batch,7,73.4000
batch,7,75.7000
batch,7,96.8000
batch,7,12.2000
batch,7,33.3000
batch,7,84.9000
batch,7,83.2000
batch,7,45.2000
batch,7,14.8000
batch,7,148.5000
batch,7,52.2000
batch,7,4.4000
batch,7,43.4000
batch,7,46.0000
batch,7,47.2000
batch,7,8.0000
batch,7,55.2000
batch,7,49.9000
batch,7,395.2000
batch,7,28.0000
batch,7,40.0000
batch,7,65.4000
batch,7,24.3000
batch,7,110.9000
batch,7,65.1000
batch,7,58.1000
batch,7,4.1000
batch,7,47.7000
batch,7,36.8000
batch,7,37.8000
batch,7,11.9000
batch,7,47.9000
batch,7,57.9000
batch,7,32.3000
batch,7,48.9000
batch,7,99.8000
batch,7,63.4000
batch,7,38.7000
batch,7,82.1000
batch,7,38.3000
batch,7,35.9000
batch,7,210.3000
batch,7,55.9000
batch,7,45.5000
batch,7,84.8000
batch,7,111.5000
batch,7,469.3000
batch,7,391.9000
batch,7,65.7000
batch,7,137.4000
batch,7,173.3000
batch,7,76.5000
batch,7,121.2000
batch,7,12.1000
batch,7,162.2000
batch,7,126.0000
batch,7,145.9000
batch,7,49.9000
batch,7,200.8000
batch,7,6.4000
batch,7,105.9000
batch,7,17.5000
batch,7,120.2000
batch,7,15.9000
batch,7,178.4000
batch,7,28.6000
batch,7,68.2000
batch,7,152.3000
batch,7,24.1000
batch,7,53.4000
batch,7,52.2000
batch,7,87.1000
batch,7,73.1000
batch,7,55.0000
batch,7,72.9000
batch,7,37.0000
batch,7,210.1000
batch,7,64.2000
batch,7,13.3000
batch,7,435.2000
batch,7,74.2000
batch,7,86.7000
batch,7,118.9000
batch,7,74.2000
batch,7,92.1000
batch,7,64.5000
batch,7,66.4000
batch,7,130.5000
batch,7,151.2000
batch,7,27.1000
batch,7,83.3000
batch,7,80.8000
batch,7,26.0000
batch,7,217.7000
batch,7,63.1000
batch,7,129.9000
batch,7,79.7000
batch,7,4.2000
batch,7,66.5000
batch,7,51.5000
batch,7,63.8000
batch,7,417.7000
batch,7,12.5000
batch,7,120.0000
batch,7,42.9000
batch,7,136.8000
batch,7,122.1000
batch,7,181.2000
batch,7,125.1000
batch,7,99.2000
batch,7,115.8000
batch,7,138.1000
batch,7,60.3000
batch,7,206.8000
batch,7,368.3000
batch,7,144.0000
batch,7,57.9000
batch,7,81.9000
batch,7,28.9000
batch,7,121.4000
batch,7,86.8000
batch,7,219.3000
batch,7,542.2000
batch,7,165.3000
batch,7,94.9000
batch,7,130.1000
batch,7,138.7000
batch,7,44.3000
batch,7,264.3000
batch,7,271.5000
batch,7,91.4000
batch,7,130.8000
batch,7,28.9000
batch,7,40.5000
batch,7,165.4000
batch,7,202.6000
batch,7,85.6000
batch,7,126.1000
batch,7,85.1000
batch,7,85.9000
batch,7,139.1000
batch,7,99.8000
batch,7,41.6000
batch,7,125.7000
batch,7,188.4000
batch,7,159.8000
batch,7,201.0000
batch,7,51.9000
batch,7,67.5000
batch,7,37.6000
batch,7,82.6000
batch,7,92.1000
batch,7,61.1000
batch,7,52.2000
batch,7,40.2000
batch,7,109.9000
batch,7,40.1000
batch,7,49.3000
batch,7,115.9000
batch,7,113.0000
batch,7,103.0000
batch,7,167.6000
batch,7,161.7000
batch,7,125.6000
batch,7,102.6000
batch,7,99.5000
batch,7,125.3000
batch,7,74.9000
batch,7,145.4000
batch,7,109.0000
batch,7,115.1000
batch,7,134.8000
batch,7,252.3000
batch,7,206.9000
batch,7,48.8000
batch,7,279.4000
batch,7,175.0000
batch,7,50.1000
batch,7,54.0000
batch,7,115.6000
batch,7,197.9000
batch,7,79.5000
batch,7,37.7000
batch,7,90.8000
batch,7,223.8000
batch,7,319.7000
batch,7,221.3000
batch,7,729.3000
batch,7,63.6000
batch,7,139.0000
batch,7,72.9000
batch,7,80.1000
batch,7,155.7000
batch,7,139.3000
batch,7,114.2000
batch,7,351.0000
batch,7,111.7000
batch,7,201.7000
batch,7,827.0000
batch,7,233.1000
batch,7,99.3000
batch,7,864.2000
batch,7,144.5000
batch,7,84.2000
batch,7,139.8000
batch,7,47.6000
batch,7,114.8000
batch,7,134.6000
batch,7,173.6000
batch,7,128.4000
batch,7,194.0000
batch,7,204.8000
batch,7,113.9000
batch,7,157.5000
batch,7,175.5000
batch,7,149.5000
batch,7,186.6000
batch,7,142.9000
batch,7,154.9000
batch,7,170.2000
batch,7,110.2000
batch,7,212.8000
batch,7,134.8000
batch,7,181.1000
batch,7,167.8000
batch,7,148.4000
batch,7,195.7000
batch,7,179.6000
batch,7,207.0000
batch,7,177.1000
batch,7,90.9000
batch,7,547.4000
batch,7,198.4000
batch,7,161.9000
batch,7,422.0000
batch,7,87.4000
batch,7,78.2000
batch,7,377.1000
batch,7,105.7000
batch,7,80.6000
batch,7,178.8000
batch,7,127.6000
batch,7,107.9000
batch,7,276.5000
batch,7,180.6000
batch,7,125.3000
batch,7,159.8000
batch,7,226.1000
batch,7,106.8000
batch,7,194.0000
batch,7,269.8000
batch,7,100.3000
batch,7,85.5000
batch,7,906.0000
batch,7,32.7000
batch,7,151.1000
batch,7,77.3000
batch,7,314.1000
batch,7,176.0000
batch,7,122.3000
batch,7,224.1000
batch,7,205.7000
batch,7,286.1000
batch,7,288.6000
batch,7,130.9000
batch,7,219.8000
batch,7,161.2000
batch,7,246.9000
batch,7,246.3000
batch,7,130.9000
batch,7,195.4000
batch,7,114.0000
batch,7,142.8000
batch,7,69.6000
batch,7,142.6000
batch,7,142.9000
batch,7,34.8000
batch,7,65.2000
batch,7,202.1000
batch,7,187.9000
batch,7,560.8000
batch,7,147.8000
batch,7,91.0000
batch,7,235.7000
batch,7,124.8000
batch,7,135.2000
batch,7,89.5000
batch,7,149.8000
batch,7,305.3000
batch,7,98.7000
batch,7,111.0000
batch,7,242.0000
batch,7,345.6000
batch,7,252.3000
batch,7,520.5000
batch,7,180.6000
batch,7,388.0000
batch,7,75.8000
batch,7,199.2000
batch,7,195.4000
batch,7,679.8000
batch,7,203.8000
batch,7,138.6000
batch,7,166.3000
batch,7,195.8000
batch,7,82.1000
batch,7,629.6000
batch,7,1146.4000
batch,7,653.4000
batch,7,203.5000
batch,7,316.7000
batch,7,502.0000
batch,7,497.8000
batch,8,38.2000
batch,8,53.6000
batch,8,24.0000
batch,8,5.2000
batch,8,52.8000
batch,8,16.2000
batch,8,41.6000
batch,8,34.1000
batch,8,13.8000
batch,8,21.0000
batch,8,11.9000
batch,8,33.7000
batch,8,8.8000
batch,8,17.2000
batch,8,39.1000
batch,8,69.9000
batch,8,118.2000
batch,8,16.2000
batch,8,13.2000
batch,8,20.8000
batch,8,54.9000
batch,8,27.0000
batch,8,18.2000
batch,8,21.2000
batch,8,34.7000
batch,8,7.0000
batch,8,53.1000
batch,8,59.4000
batch,8,53.5000
batch,8,42.6000
batch,8,6.7000
batch,8,11.1000
batch,8,40.4000
batch,8,116.3000
batch,8,38.4000
batch,8,39.2000
batch,8,88.5000
batch,8,33.0000
batch,8,27.2000
batch,8,32.1000
batch,8,63.5000
batch,8,45.0000
batch,8,80.9000
batch,8,320.2000
batch,8,54.1000
batch,8,46.2000
batch,8,74.2000
batch,8,77.6000
batch,8,44.4000
batch,8,35.1000
batch,8,39.3000
batch,8,26.8000
batch,8,64.4000
batch,8,49.1000
batch,8,40.5000
batch,8,23.1000
batch,8,77.4000
batch,8,51.9000
batch,8,114.5000
batch,8,306.0000
batch,8,47.0000
batch,8,52.9000
batch,8,72.1000
batch,8,60.3000
batch,8,186.0000
batch,8,56.3000
batch,8,47.3000
batch,8,70.6000
batch,8,64.7000
batch,8,64.2000
batch,8,54.0000
batch,8,56.0000
batch,8,48.1000
batch,8,47.2000
batch,8,38.1000
batch,8,59.9000
batch,8,70.0000
batch,8,82.2000
batch,8,49.3000
batch,8,72.7000
batch,8,57.4000
batch,8,87.8000
batch,8,28.7000
batch,8,97.9000
batch,8,12.7000
batch,8,35.8000
batch,8,46.6000
batch,8,31.4000
batch,8,114.6000
batch,8,101.3000
batch,8,66.4000
batch,8,32.5000
batch,8,64.9000
batch,8,100.9000
batch,8,83.7000
batch,8,41.6000
batch,8,104.4000
batch,8,58.8000
batch,8,43.9000
batch,8,89.4000
batch,8,41.0000
batch,8,30.9000
batch,8,24.5000
batch,8,44.5000
batch,8,24.2000
batch,8,56.1000
batch,8,68.3000
batch,8,3.5000
batch,8,163.7000
batch,8,63.2000
batch,8,69.6000
batch,8,71.4000
batch,8,92.2000
batch,8,52.3000
batch,8,56.6000
batch,8,9.5000
batch,8,115.9000
batch,8,73.8000
batch,8,108.1000
batch,8,95.4000
batch,8,20.8000
batch,8,33.0000
batch,8,66.4000
batch,8,157.4000
batch,8,106.6000
batch,8,78.5000
batch,8,55.4000
batch,8,93.6000
batch,8,93.9000
batch,8,119.0000
batch,8,53.6000
batch,8,48.9000
batch,8,52.0000
batch,8,167.6000
batch,8,82.4000
batch,8,61.7000
batch,8,116.2000
batch,8,89.5000
batch,8,113.6000
batch,8,79.6000
batch,8,34.7000
batch,8,18.2000
batch,8,2.6000
batch,8,18.6000
batch,8,58.8000
batch,8,97.3000
batch,8,48.7000
batch,8,80.7000
batch,8,97.5000
batch,8,132.2000
batch,8,23.2000
batch,8,400.7000
batch,8,101.8000
batch,8,181.3000
batch,8,79.4000
batch,8,538.8000
batch,8,28.3000
batch,8,40.4000
batch,8,64.5000
batch,8,115.3000
batch,8,94.0000
batch,8,132.3000
batch,8,110.1000
batch,8,90.8000
batch,8,104.9000
batch,8,160.3000
batch,8,96.9000
batch,8,102.7000
batch,8,13.8000
batch,8,23.9000
batch,8,82.8000
batch,8,174.0000
batch,8,78.9000
batch,8,111.7000
batch,8,50.7000
batch,8,85.9000
batch,8,34.5000
batch,8,177.3000
batch,8,81.7000
batch,8,74.3000
batch,8,94.1000
batch,8,21.2000
batch,8,302.4000
batch,8,127.6000
batch,8,75.8000
batch,8,164.2000
batch,8,51.6000
batch,8,71.7000
batch,8,53.4000
batch,8,98.8000
batch,8,419.1000
batch,8,370.7000
batch,8,133.4000
batch,8,61.4000
batch,8,100.4000
batch,8,93.8000
batch,8,68.8000
batch,8,105.2000
batch,8,73.8000
batch,8,132.5000
batch,8,137.2000
batch,8,169.8000
batch,8,40.9000
batch,8,355.2000
batch,8,838.8000
batch,8,85.6000
batch,8,84.0000
batch,8,110.7000
batch,8,652.6000
batch,8,115.5000
batch,8,151.5000
batch,8,51.0000
batch,8,37.9000
batch,8,135.2000
batch,8,39.6000
batch,8,59.6000
batch,8,67.0000
batch,8,102.7000
batch,8,158.0000
batch,8,111.6000
batch,8,170.7000
batch,8,55.9000
batch,8,76.2000
batch,8,144.1000
batch,8,78.8000
batch,8,131.3000
batch,8,129.7000
batch,8,55.1000
batch,8,114.9000
batch,8,31.0000
batch,8,205.1000
batch,8,96.7000
batch,8,16.2000
batch,8,27.5000
batch,8,84.3000
batch,8,165.0000
batch,8,198.6000
batch,8,100.8000
batch,8,96.7000
batch,8,152.0000
batch,8,271.8000
batch,8,513.8000
batch,8,174.0000
batch,8,137.2000
batch,8,91.0000
batch,8,82.0000
batch,8,268.0000
batch,8,222.1000
batch,8,55.4000
batch,8,152.4000
batch,8,32.3000
batch,8,87.2000
batch,8,79.8000
batch,8,392.1000
batch,8,45.7000
batch,8,136.2000
batch,8,86.1000
batch,8,274.3000
batch,8,85.0000
batch,8,81.3000
batch,8,110.0000
batch,8,579.3000
batch,8,96.4000
batch,8,131.6000
batch,8,281.5000
batch,8,269.3000
batch,8,79.5000
batch,8,176.0000
batch,8,68.8000
batch,8,105.5000
batch,8,203.4000
batch,8,141.3000
batch,8,83.4000
batch,8,138.0000
batch,8,109.3000
batch,8,100.4000
batch,8,136.4000
batch,8,146.6000
batch,8,83.7000
batch,8,218.3000
batch,8,131.8000
batch,8,95.2000
batch,8,127.1000
batch,8,148.3000
batch,8,262.4000
batch,8,134.9000
batch,8,157.2000
batch,8,262.9000
batch,8,126.4000
batch,8,199.4000
batch,8,179.6000
batch,8,193.6000
batch,8,90.1000
batch,8,132.9000
batch,8,25.7000
batch,8,156.3000
batch,8,58.5000
batch,8,191.6000
batch,8,191.3000
batch,8,171.9000
batch,8,117.3000
batch,8,210.8000
batch,8,120.5000
batch,8,180.0000
batch,8,198.4000
batch,8,189.9000
batch,8,286.1000
batch,8,89.5000
batch,8,123.8000
batch,8,127.6000
batch,8,150.6000
batch,8,85.5000
batch,8,111.6000
batch,8,196.4000
batch,8,199.4000
batch,8,160.8000
batch,8,376.5000
batch,8,189.2000
batch,8,211.6000
batch,8,152.4000
batch,8,85.9000
batch,8,165.6000
batch,8,245.9000
batch,8,223.9000
batch,8,189.9000
batch,8,199.0000
batch,8,126.6000
batch,8,87.2000
batch,8,64.2000
batch,8,141.4000
batch,8,163.8000
batch,8,153.2000
batch,8,241.1000
batch,8,150.8000
batch,8,121.1000
batch,8,213.9000
batch,8,221.4000
batch,8,382.6000
batch,8,108.2000
batch,8,141.9000
batch,8,66.3000
batch,8,332.2000
batch,8,93.2000
batch,8,176.6000
batch,8,108.0000
batch,8,134.0000
batch,8,171.2000
batch,8,120.3000
batch,8,115.3000
batch,8,700.9000
batch,8,72.6000
batch,8,61.7000
batch,8,111.8000
batch,8,63.4000
batch,8,636.2000
batch,8,135.4000
batch,8,80.8000
batch,8,76.2000
batch,8,163.7000
batch,8,217.0000
batch,8,312.8000
batch,8,174.4000
batch,8,44.3000
batch,8,180.8000
batch,8,211.6000
batch,8,353.2000
batch,8,159.9000
batch,8,157.6000
batch,8,44.7000
batch,8,153.4000
batch,8,300.5000
batch,8,82.0000
batch,8,293.7000
batch,8,98.4000
batch,8,163.0000
batch,8,215.3000
batch,8,394.0000
batch,8,174.2000
batch,8,179.0000
batch,8,53.0000
batch,8,696.2000
batch,8,132.4000
batch,8,128.4000
batch,8,163.4000
batch,8,184.6000
batch,8,231.3000
batch,8,869.3000
batch,8,85.0000
batch,8,230.2000
batch,8,713.1000
batch,8,1054.8000
batch,8,1158.4000
batch,8,1461.1000
batch,9,39.7000
batch,9,7.8000
batch,9,34.6000
batch,9,33.2000
batch,9,36.0000
batch,9,77.4000
batch,9,3.0000
batch,9,49.7000
batch,9,29.9000
batch,9,49.9000
batch,9,37.9000
batch,9,39.6000
batch,9,42.0000
batch,9,21.0000
batch,9,19.0000
batch,9,45.0000
batch,9,97.4000
batch,9,56.6000
batch,9,58.2000
batch,9,14.4000
batch,9,18.5000
batch,9,18.8000
batch,9,118.0000
batch,9,108.9000
batch,9,51.5000
batch,9,6.5000
batch,9,55.4000
batch,9,244.8000
batch,9,36.8000
batch,9,71.1000
batch,9,207.2000
batch,9,28.2000
batch,9,33.0000
batch,9,6.1000
batch,9,48.9000
batch,9,37.3000
batch,9,31.9000
batch,9,225.4000
batch,9,8.9000
batch,9,33.2000
batch,9,87.6000
batch,9,7.4000
batch,9,56.1000
batch,9,82.7000
batch,9,36.5000
batch,9,10.5000
batch,9,22.9000
batch,9,81.3000
batch,9,25.9000
batch,9,164.9000
batch,9,51.9000
batch,9,21.7000
batch,9,22.9000
batch,9,45.9000
batch,9,38.7000
batch,9,22.5000
batch,9,25.0000
batch,9,56.5000
batch,9,79.6000
batch,9,96.5000
batch,9,26.5000
batch,9,33.2000
batch,9,34.5000
batch,9,45.9000
batch,9,15.0000
batch,9,36.6000
batch,9,31.8000
batch,9,95.8000
batch,9,536.5000
batch,9,67.8000
batch,9,22.6000
batch,9,16.6000
batch,9,91.1000
batch,9,23.6000
batch,9,1.5000
batch,9,14.7000
batch,9,73.4000
batch,9,12.8000
batch,9,63.6000
batch,9,27.7000
batch,9,24.5000
batch,9,82.6000
batch,9,28.8000
batch,9,15.1000
batch,9,18.2000
batch,9,69.7000
batch,9,14.7000
batch,9,10.5000
batch,9,199.2000
batch,9,100.7000
batch,9,64.0000
batch,9,73.9000
batch,9,21.6000
batch,9,28.6000
batch,9,44.0000
batch,9,157.1000
batch,9,29.1000
batch,9,92.2000
batch,9,81.1000
batch,9,86.1000
batch,9,75.8000
batch,9,139.0000
batch,9,60.2000
batch,9,72.7000
batch,9,53.6000
batch,9,11.4000
batch,9,3.7000
batch,9,43.8000
batch,9,12.8000
batch,9,15.7000
batch,9,32.1000
batch,9,60.9000
batch,9,9.8000
batch,9,37.8000
batch,9,25.1000
batch,9,24.1000
batch,9,27.5000
batch,9,47.9000
batch,9,168.7000
batch,9,568.2000
batch,9,184.3000
batch,9,56.8000
batch,9,88.5000
batch,9,40.3000
batch,9,24.6000
batch,9,54.9000
batch,9,49.5000
batch,9,57.5000
batch,9,91.1000
batch,9,239.6000
batch,9,115.8000
batch,9,60.4000
batch,9,129.5000
batch,9,50.1000
batch,9,0.2000
batch,9,345.9000
batch,9,85.6000
batch,9,7.6000
batch,9,214.7000
batch,9,50.8000
batch,9,48.5000
batch,9,26.1000
batch,9,191.1000
batch,9,62.1000
batch,9,71.1000
batch,9,19.1000
batch,9,55.8000
batch,9,263.2000
batch,9,191.5000
batch,9,100.1000
batch,9,70.5000
batch,9,123.2000
batch,9,15.9000
batch,9,159.1000
batch,9,125.1000
batch,9,58.2000
batch,9,74.1000
batch,9,58.0000
batch,9,59.9000
batch,9,62.7000
batch,9,12.8000
batch,9,25.8000
batch,9,118.0000
batch,9,54.0000
batch,9,8.2000
batch,9,45.9000
batch,9,613.7000
batch,9,137.4000
batch,9,75.9000
batch,9,92.7000
batch,9,75.6000
batch,9,31.6000
batch,9,77.4000
batch,9,36.0000
batch,9,43.1000
batch,9,90.5000
batch,9,47.5000
batch,9,75.0000
batch,9,73.1000
batch,9,114.0000
batch,9,104.6000
batch,9,713.2000
batch,9,3.4000
batch,9,78.4000
batch,9,29.1000
batch,9,61.6000
batch,9,11.9000
batch,9,91.1000
batch,9,130.5000
batch,9,100.0000
batch,9,67.7000
batch,9,86.4000
batch,9,340.9000
batch,9,12.4000
batch,9,111.9000
batch,9,55.9000
batch,9,59.2000
batch,9,40.3000
batch,9,120.9000
batch,9,87.2000
batch,9,116.1000
batch,9,50.9000
batch,9,12.8000
batch,9,6.2000
batch,9,8.4000
batch,9,70.1000
batch,9,155.7000
batch,9,86.3000
batch,9,158.4000
batch,9,133.4000
batch,9,89.3000
batch,9,36.0000
batch,9,92.4000
batch,9,201.4000
batch,9,4.8000
batch,9,102.8000
batch,9,59.0000
batch,9,56.5000
batch,9,66.0000
batch,9,31.9000
batch,9,14.7000
batch,9,126.8000
batch,9,152.6000
batch,9,97.1000
batch,9,71.4000
batch,9,497.2000
batch,9,24.2000
batch,9,39.1000
batch,9,53.2000
batch,9,155.7000
batch,9,117.6000
batch,9,51.4000
batch,9,41.7000
batch,9,38.7000
batch,9,111.2000
batch,9,28.4000
batch,9,26.0000
batch,9,373.4000
batch,9,56.3000
batch,9,136.5000
batch,9,77.0000
batch,9,210.0000
batch,9,122.6000
batch,9,115.7000
batch,9,50.6000
batch,9,131.4000
batch,9,129.6000
batch,9,95.3000
batch,9,106.5000
batch,9,89.0000
batch,9,55.2000
batch,9,497.2000
batch,9,42.3000
batch,9,63.9000
batch,9,86.0000
batch,9,73.7000
batch,9,106.7000
batch,9,169.3000
batch,9,272.2000
batch,9,95.9000
batch,9,251.4000
batch,9,155.8000
batch,9,98.2000
batch,9,111.6000
batch,9,69.3000
batch,9,165.3000
batch,9,73.5000
batch,9,243.9000
batch,9,107.7000
batch,9,149.4000
batch,9,60.8000
batch,9,109.4000
batch,9,1156.7000
batch,9,92.7000
batch,9,169.2000
batch,9,41.6000
batch,9,88.4000
batch,9,45.3000
batch,9,129.8000
batch,9,149.5000
batch,9,229.1000
batch,9,167.0000
batch,9,102.2000
batch,9,98.8000
batch,9,197.1000
batch,9,95.6000
batch,9,49.2000
batch,9,157.3000
batch,9,134.2000
batch,9,63.0000
batch,9,174.7000
batch,9,160.0000
batch,9,129.7000
batch,9,40.2000
batch,9,91.9000
batch,9,121.6000
batch,9,951.1000
batch,9,247.5000
batch,9,100.0000
batch,9,186.7000
batch,9,86.7000
batch,9,62.5000
batch,9,69.0000
batch,9,147.7000
batch,9,64.7000
batch,9,106.7000
batch,9,75.5000
batch,9,815.2000
batch,9,169.4000
batch,9,162.6000
batch,9,97.1000
batch,9,153.0000
batch,9,153.7000
batch,9,267.6000
batch,9,292.1000
batch,9,161.1000
batch,9,182.3000
batch,9,125.2000
batch,9,190.1000
batch,9,203.7000
batch,9,141.4000
batch,9,260.3000
batch,9,151.2000
batch,9,121.5000
batch,9,184.8000
batch,9,111.2000
batch,9,187.9000
batch,9,230.0000
batch,9,241.2000
batch,9,191.5000
batch,9,150.3000
batch,9,87.2000
batch,9,91.9000
batch,9,152.4000
batch,9,202.1000
batch,9,131.4000
batch,9,114.0000
batch,9,163.7000
batch,9,202.4000
batch,9,201.8000
batch,9,195.6000
batch,9,191.6000
batch,9,150.2000
batch,9,514.3000
batch,9,56.1000
batch,9,351.3000
batch,9,112.9000
batch,9,192.9000
batch,9,148.2000
batch,9,141.3000
batch,9,152.8000
batch,9,94.7000
batch,9,41.1000
batch,9,129.2000
batch,9,51.7000
batch,9,75.9000
batch,9,189.6000
batch,9,186.9000
batch,9,240.7000
batch,9,94.9000
batch,9,60.7000
batch,9,91.2000
batch,9,169.9000
batch,9,34.2000
batch,9,149.7000
batch,9,182.4000
batch,9,302.3000
batch,9,69.9000
batch,9,287.6000
batch,9,144.0000
batch,9,281.8000
batch,9,140.5000
batch,9,81.0000
batch,9,66.4000
batch,9,157.1000
batch,9,135.2000
batch,9,193.6000
batch,9,657.1000
batch,9,67.7000
batch,9,115.5000
batch,9,169.9000
batch,9,80.8000
batch,9,221.0000
batch,9,226.3000
batch,9,194.0000
batch,9,145.2000
batch,9,287.0000
batch,9,128.4000
batch,9,202.2000
batch,9,231.8000
batch,9,136.0000
batch,9,163.0000
batch,9,193.0000
batch,9,299.4000
batch,9,190.5000
batch,9,87.5000
batch,9,142.9000
batch,9,333.5000
batch,9,129.7000
batch,9,194.4000
batch,9,184.6000
batch,9,187.4000
batch,9,57.9000
batch,9,133.8000
batch,9,234.0000
batch,9,210.7000
batch,9,199.0000
batch,9,176.4000
batch,9,81.6000
batch,9,195.7000
batch,9,534.4000
batch,9,47.2000
batch,9,113.6000
batch,9,175.0000
batch,9,307.2000
batch,9,128.0000
batch,9,153.4000
batch,9,104.9000
batch,9,669.1000
batch,9,141.4000
batch,9,1163.6000
batch,9,165.9000
batch,9,843.1000
batch,9,1052.2000
batch,9,1397.9000
batch,9,656.5000
batch,9,195.3000
batch,10,49.3000
batch,10,30.8000
batch,10,32.0000
batch,10,46.6000
batch,10,49.8000
batch,10,139.6000
batch,10,23.1000
batch,10,65.5000
batch,10,1.7000
batch,10,46.6000
batch,10,35.5000
batch,10,21.6000
batch,10,14.7000
batch,10,49.2000
batch,10,46.0000
batch,10,28.9000
batch,10,23.9000
batch,10,35.9000
batch,10,31.6000
batch,10,19.7000
batch,10,49.9000
batch,10,56.1000
batch,10,25.0000
batch,10,49.6000
batch,10,53.8000
batch,10,13.3000
batch,10,41.9000
batch,10,10.4000
batch,10,46.7000
batch,10,54.8000
batch,10,50.9000
batch,10,65.3000
batch,10,50.6000
batch,10,12.8000
batch,10,32.4000
batch,10,23.9000
batch,10,17.9000
batch,10,65.4000
batch,10,38.8000
batch,10,59.2000
batch,10,1.5000
batch,10,46.3000
batch,10,3.1000
batch,10,19.4000
batch,10,68.4000
batch,10,55.7000
batch,10,212.9000
batch,10,98.8000
batch,10,80.9000
batch,10,61.2000
batch,10,62.0000
batch,10,43.2000
batch,10,86.9000
batch,10,67.1000
batch,10,28.4000
batch,10,79.1000
batch,10,9.5000
batch,10,66.2000
batch,10,30.6000
batch,10,11.1000
batch,10,51.4000
batch,10,85.8000
batch,10,45.6000
batch,10,136.0000
batch,10,45.9000
batch,10,44.2000
batch,10,36.0000
batch,10,0.4000
batch,10,62.4000
batch,10,36.0000
batch,10,45.5000
batch,10,14.7000
batch,10,12.9000
batch,10,567.3000
batch,10,18.7000
batch,10,231.4000
batch,10,53.5000
batch,10,55.5000
batch,10,27.8000
batch,10,25.5000
batch,10,120.2000
batch,10,12.2000
batch,10,9.8000
batch,10,39.9000
batch,10,38.3000
batch,10,4.3000
batch,10,115.9000
batch,10,67.4000
batch,10,11.1000
batch,10,86.7000
batch,10,92.7000
batch,10,12.4000
batch,10,44.8000
batch,10,17.0000
batch,10,267.4000
batch,10,323.4000
batch,10,105.2000
batch,10,70.3000
batch,10,29.7000
batch,10,102.8000
batch,10,30.5000
batch,10,17.5000
batch,10,13.0000
batch,10,5.1000
batch,10,36.4000
batch,10,113.3000
batch,10,83.4000
batch,10,148.2000
batch,10,50.3000
batch,10,43.6000
batch,10,32.1000
batch,10,35.0000
batch,10,40.2000
batch,10,54.7000
batch,10,146.2000
batch,10,47.9000
batch,10,326.4000
batch,10,34.2000
batch,10,24.2000
batch,10,101.3000
batch,10,58.6000
batch,10,46.6000
batch,10,53.6000
batch,10,120.8000
batch,10,49.6000
batch,10,12.0000
batch,10,113.5000
batch,10,65.3000
batch,10,41.1000
batch,10,31.5000
batch,10,20.2000
batch,10,34.7000
batch,10,67.5000
batch,10,52.0000
batch,10,114.1000
batch,10,76.6000
batch,10,19.0000
batch,10,23.2000
batch,10,99.3000
batch,10,331.2000
batch,10,25.1000
batch,10,79.0000
batch,10,40.0000
batch,10,47.1000
batch,10,130.9000
batch,10,15.4000
batch,10,39.3000
batch,10,48.8000
batch,10,146.9000
batch,10,82.6000
batch,10,458.8000
batch,10,104.1000
batch,10,96.1000
batch,10,84.8000
batch,10,165.8000
batch,10,331.1000
batch,10,37.4000
batch,10,45.4000
batch,10,92.7000
batch,10,134.0000
batch,10,114.0000
batch,10,188.5000
batch,10,49.5000
batch,10,74.7000
batch,10,47.5000
batch,10,21.1000
batch,10,39.5000
batch,10,258.1000
batch,10,94.9000
batch,10,332.8000
batch,10,10.8000
batch,10,44.5000
batch,10,213.8000
batch,10,65.3000
batch,10,88.2000
batch,10,123.3000
batch,10,119.9000
batch,10,79.7000
batch,10,63.9000
batch,10,154.5000
batch,10,215.0000
batch,10,54.8000
batch,10,69.8000
batch,10,68.1000
batch,10,13.3000
batch,10,264.4000
batch,10,30.4000
batch,10,62.3000
batch,10,45.8000
batch,10,113.2000
batch,10,47.6000
batch,10,88.8000
batch,10,273.6000
batch,10,14.7000
batch,10,66.6000
batch,10,116.4000
batch,10,97.6000
batch,10,122.6000
batch,10,68.8000
batch,10,72.4000
batch,10,221.2000
batch,10,29.4000
batch,10,58.9000
batch,10,139.9000
batch,10,195.5000
batch,10,103.0000
batch,10,363.6000
batch,10,95.0000
batch,10,143.4000
batch,10,101.7000
batch,10,123.8000
batch,10,118.1000
batch,10,85.7000
batch,10,180.0000
batch,10,77.9000
batch,10,52.7000
batch,10,169.3000
batch,10,59.3000
batch,10,153.5000
batch,10,40.6000
batch,10,155.8000
batch,10,134.1000
batch,10,30.6000
batch,10,133.5000
batch,10,108.3000
batch,10,38.3000
batch,10,105.1000
batch,10,103.2000
batch,10,55.1000
batch,10,76.0000
batch,10,166.0000
batch,10,115.0000
batch,10,97.8000
batch,10,21.5000
batch,10,42.5000
batch,10,73.6000
batch,10,56.1000
batch,10,126.6000
batch,10,74.8000
batch,10,49.4000
batch,10,123.7000
batch,10,90.6000
batch,10,187.0000
batch,10,69.3000
batch,10,62.6000
batch,10,112.7000
batch,10,122.7000
batch,10,112.2000
batch,10,67.2000
batch,10,54.4000
batch,10,175.6000
batch,10,296.8000
batch,10,347.8000
batch,10,198.2000
batch,10,152.6000
batch,10,234.6000
batch,10,73.4000
batch,10,101.6000
batch,10,151.6000
batch,10,42.3000
batch,10,9.9000
batch,10,16.0000
batch,10,66.4000
batch,10,99.3000
batch,10,125.0000
batch,10,119.7000
batch,10,130.6000
batch,10,62.6000
batch,10,203.4000
batch,10,90.7000
batch,10,70.0000
batch,10,147.9000
batch,10,135.5000
batch,10,116.3000
batch,10,191.0000
batch,10,84.4000
batch,10,93.2000
batch,10,118.6000
batch,10,210.8000
batch,10,127.2000
batch,10,5.0000
batch,10,70.3000
batch,10,197.1000
batch,10,59.6000
batch,10,187.7000
batch,10,79.9000
batch,10,58.3000
batch,10,160.1000
batch,10,141.5000
batch,10,44.8000
batch,10,133.0000
batch,10,183.4000
batch,10,198.3000
batch,10,228.9000
batch,10,204.6000
batch,10,165.6000
batch,10,41.8000
batch,10,95.4000
batch,10,163.8000
batch,10,633.7000
batch,10,186.0000
batch,10,94.5000
batch,10,72.8000
batch,10,67.8000
batch,10,212.3000
batch,10,52.7000
batch,10,172.5000
batch,10,21.1000
batch,10,81.8000
batch,10,59.3000
batch,10,99.1000
batch,10,155.8000
batch,10,129.7000
batch,10,54.5000
batch,10,210.6000
batch,10,180.7000
batch,10,111.8000
batch,10,95.6000
batch,10,128.3000
batch,10,142.1000
batch,10,86.1000
batch,10,134.0000
batch,10,181.7000
batch,10,157.7000
batch,10,159.9000
batch,10,296.2000
batch,10,285.1000
batch,10,77.6000
batch,10,179.4000
batch,10,123.6000
batch,10,142.6000
batch,10,103.2000
batch,10,145.6000
batch,10,76.9000
batch,10,163.9000
batch,10,163.2000
batch,10,126.5000
batch,10,215.1000
batch,10,105.7000
batch,10,120.0000
batch,10,67.1000
batch,10,173.2000
batch,10,204.6000
batch,10,285.2000
batch,10,120.4000
batch,10,130.8000
batch,10,130.0000
batch,10,123.4000
batch,10,182.7000
batch,10,173.2000
batch,10,187.5000
batch,10,189.6000
batch,10,159.0000
batch,10,6.5000
batch,10,195.0000
batch,10,136.5000
batch,10,85.0000
batch,10,168.3000
batch,10,144.5000
batch,10,145.0000
batch,10,95.5000
batch,10,195.4000
batch,10,158.8000
batch,10,51.0000
batch,10,300.9000
batch,10,289.4000
batch,10,125.5000
batch,10,236.9000
batch,10,187.2000
batch,10,275.8000
batch,10,116.3000
batch,10,181.0000
batch,10,191.4000
batch,10,246.0000
batch,10,186.0000
batch,10,393.0000
batch,10,189.1000
batch,10,95.7000
batch,10,43.4000
batch,10,67.0000
batch,10,88.1000
batch,10,5.7000
batch,10,57.2000
batch,10,182.0000
batch,10,172.0000
batch,10,284.7000
batch,10,189.8000
batch,10,253.1000
batch,10,161.3000
batch,10,231.4000
batch,10,540.4000
batch,10,112.0000
batch,10,123.9000
batch,10,139.7000
batch,10,587.6000
batch,10,65.6000
batch,10,237.0000
batch,10,202.0000
batch,10,384.3000
batch,10,146.6000
batch,10,267.0000
batch,10,204.9000
batch,10,121.2000
batch,10,214.5000
batch,10,174.3000
batch,10,225.3000
batch,10,201.6000
batch,10,255.5000
batch,10,222.8000
batch,10,299.6000
batch,10,130.0000
batch,10,87.4000
batch,10,180.5000
batch,10,161.6000
batch,10,196.7000
batch,10,254.9000
batch,10,212.0000
batch,10,168.3000
batch,10,275.1000
batch,10,578.9000
batch,10,175.8000
batch,10,209.2000
batch,10,96.7000
batch,10,405.8000
batch,10,897.0000
batch,10,131.7000
batch,10,728.1000
batch,10,75.9000
batch+reposition,1,27.0000
batch+reposition,1,20.3000
batch+reposition,1,34.7000
batch+reposition,1,29.2000
batch+reposition,1,23.2000
batch+reposition,1,25.8000
batch+reposition,1,36.8000
batch+reposition,1,56.7000
batch+reposition,1,27.2000
batch+reposition,1,37.0000
batch+reposition,1,24.2000
batch+reposition,1,44.8000
batch+reposition,1,33.8000
batch+reposition,1,36.1000
batch+reposition,1,16.2000
batch+reposition,1,23.2000
batch+reposition,1,47.2000
batch+reposition,1,68.1000
batch+reposition,1,62.0000
batch+reposition,1,16.2000
batch+reposition,1,17.5000
batch+reposition,1,31.2000
batch+reposition,1,45.8000
batch+reposition,1,54.1000
batch+reposition,1,4.9000
batch+reposition,1,20.9000
batch+reposition,1,231.7000
batch+reposition,1,63.9000
batch+reposition,1,15.3000
batch+reposition,1,21.4000
batch+reposition,1,24.5000
batch+reposition,1,25.4000
batch+reposition,1,18.4000
batch+reposition,1,53.7000
batch+reposition,1,14.8000
batch+reposition,1,10.8000
batch+reposition,1,43.6000
batch+reposition,1,25.5000
batch+reposition,1,26.6000
batch+reposition,1,40.7000
batch+reposition,1,28.7000
batch+reposition,1,8.2000
batch+reposition,1,40.9000
batch+reposition,1,19.9000
batch+reposition,1,29.2000
batch+reposition,1,51.2000
batch+reposition,1,8.0000
batch+reposition,1,24.6000
batch+reposition,1,33.7000
batch+reposition,1,60.3000
batch+reposition,1,22.8000
batch+reposition,1,40.8000
batch+reposition,1,24.2000
batch+reposition,1,54.2000
batch+reposition,1,145.2000
batch+reposition,1,20.2000
batch+reposition,1,32.4000
batch+reposition,1,34.8000
batch+reposition,1,26.9000
batch+reposition,1,50.8000
batch+reposition,1,19.7000
batch+reposition,1,37.0000
batch+reposition,1,28.8000
batch+reposition,1,26.1000
batch+reposition,1,77.9000
batch+reposition,1,38.9000
batch+reposition,1,32.1000
batch+reposition,1,46.6000
batch+reposition,1,29.9000
batch+reposition,1,69.8000
batch+reposition,1,32.6000
batch+reposition,1,39.6000
batch+reposition,1,72.5000
batch+reposition,1,10.9000
batch+reposition,1,33.0000
batch+reposition,1,67.8000
batch+reposition,1,16.6000
batch+reposition,1,46.0000
batch+reposition,1,136.0000
batch+reposition,1,32.2000
batch+reposition,1,75.6000
batch+reposition,1,30.4000
batch+reposition,1,27.1000
batch+reposition,1,50.1000
batch+reposition,1,58.4000
batch+reposition,1,18.3000
batch+reposition,1,95.0000
batch+reposition,1,22.2000
batch+reposition,1,87.2000
batch+reposition,1,65.8000
batch+reposition,1,180.8000
batch+reposition,1,47.0000
batch+reposition,1,21.7000
batch+reposition,1,60.5000
batch+reposition,1,16.9000
batch+reposition,1,11.8000
batch+reposition,1,91.8000
batch+reposition,1,68.5000
batch+reposition,1,52.5000
batch+reposition,1,44.2000
batch+reposition,1,49.7000
batch+reposition,1,22.5000
batch+reposition,1,67.7000
batch+reposition,1,137.9000
batch+reposition,1,37.9000
batch+reposition,1,42.0000
batch+reposition,1,27.2000
batch+reposition,1,68.0000
batch+reposition,1,47.1000
batch+reposition,1,38.9000
batch+reposition,1,44.1000
batch+reposition,1,31.5000
batch+reposition,1,26.1000
batch+reposition,1,66.9000
batch+reposition,1,69.8000
batch+reposition,1,75.8000
batch+reposition,1,74.6000
batch+reposition,1,28.0000
batch+reposition,1,123.3000
batch+reposition,1,46.3000
batch+reposition,1,30.4000
batch+reposition,1,50.0000
batch+reposition,1,31.3000
batch+reposition,1,108.7000
batch+reposition,1,56.1000
batch+reposition,1,2.6000
batch+reposition,1,15.3000
batch+reposition,1,29.4000
batch+reposition,1,59.0000
batch+reposition,1,51.6000
batch+reposition,1,115.5000
batch+reposition,1,425.1000
batch+reposition,1,37.2000
batch+reposition,1,313.1000
batch+reposition,1,28.0000
batch+reposition,1,56.2000
batch+reposition,1,64.7000
batch+reposition,1,147.2000
batch+reposition,1,234.9000
batch+reposition,1,18.8000
batch+reposition,1,99.3000
batch+reposition,1,193.3000
batch+reposition,1,60.1000
batch+reposition,1,18.5000
batch+reposition,1,30.1000
batch+reposition,1,4.4000
batch+reposition,1,48.9000
batch+reposition,1,21.5000
batch+reposition,1,21.1000
batch+reposition,1,47.0000
batch+reposition,1,658.4000
batch+reposition,1,120.8000
batch+reposition,1,70.5000
batch+reposition,1,46.3000
batch+reposition,1,59.5000
batch+reposition,1,51.4000
batch+reposition,1,123.8000
batch+reposition,1,21.3000
batch+reposition,1,63.2000
batch+reposition,1,36.5000
batch+reposition,1,77.5000
batch+reposition,1,143.2000
batch+reposition,1,54.5000
batch+reposition,1,94.1000
batch+reposition,1,45.0000
batch+reposition,1,68.9000
batch+reposition,1,92.4000
batch+reposition,1,74.8000
batch+reposition,1,80.5000
batch+reposition,1,44.7000
batch+reposition,1,56.4000
batch+reposition,1,56.5000
batch+reposition,1,18.7000
batch+reposition,1,10.0000
batch+reposition,1,34.2000
batch+reposition,1,79.8000
batch+reposition,1,68.8000
batch+reposition,1,125.2000
batch+reposition,1,140.5000
batch+reposition,1,9.0000
batch+reposition,1,59.5000
batch+reposition,1,60.2000
batch+reposition,1,37.1000
batch+reposition,1,11.3000
batch+reposition,1,123.7000
batch+reposition,1,112.1000
batch+reposition,1,67.5000
batch+reposition,1,144.5000
batch+reposition,1,27.3000
batch+reposition,1,47.9000
batch+reposition,1,47.8000
batch+reposition,1,58.7000
batch+reposition,1,86.6000
batch+reposition,1,79.3000
batch+reposition,1,44.8000
batch+reposition,1,15.7000
batch+reposition,1,34.9000
batch+reposition,1,87.9000
batch+reposition,1,38.4000
batch+reposition,1,11.7000
batch+reposition,1,19.7000
batch+reposition,1,132.8000
batch+reposition,1,56.0000
batch+reposition,1,65.4000
batch+reposition,1,102.5000
batch+reposition,1,44.4000
batch+reposition,1,140.8000
batch+reposition,1,27.2000
batch+reposition,1,72.1000
batch+reposition,1,48.7000
batch+reposition,1,37.2000
batch+reposition,1,90.8000
batch+reposition,1,54.1000
batch+reposition,1,353.0000
batch+reposition,1,134.5000
batch+reposition,1,530.1000
batch+reposition,1,69.8000
batch+reposition,1,116.0000
batch+reposition,1,31.1000
batch+reposition,1,120.1000
batch+reposition,1,43.3000
batch+reposition,1,112.1000
batch+reposition,1,6.6000
batch+reposition,1,35.9000
batch+reposition,1,98.0000
batch+reposition,1,169.4000
batch+reposition,1,48.8000
batch+reposition,1,32.9000
batch+reposition,1,58.9000
batch+reposition,1,526.2000
batch+reposition,1,12.9000
batch+reposition,1,524.0000
batch+reposition,1,10.0000
batch+reposition,1,135.8000
batch+reposition,1,48.0000
batch+reposition,1,131.6000
batch+reposition,1,47.4000
batch+reposition,1,79.4000
batch+reposition,1,62.2000
batch+reposition,1,23.8000
batch+reposition,1,43.3000
batch+reposition,1,62.4000
batch+reposition,1,74.6000
batch+reposition,1,87.3000
batch+reposition,1,32.3000
batch+reposition,1,56.6000
batch+reposition,1,234.2000
batch+reposition,1,77.4000
batch+reposition,1,29.6000
batch+reposition,1,78.6000
batch+reposition,1,20.5000
batch+reposition,1,84.9000
batch+reposition,1,55.0000
batch+reposition,1,47.0000
batch+reposition,1,38.7000
batch+reposition,1,71.3000
batch+reposition,1,50.8000
batch+reposition,1,188.0000
batch+reposition,1,25.3000
batch+reposition,1,68.4000
batch+reposition,1,35.6000
batch+reposition,1,94.0000
batch+reposition,1,49.4000
batch+reposition,1,62.8000
batch+reposition,1,20.1000
batch+reposition,1,46.2000
batch+reposition,1,53.6000
batch+reposition,1,44.6000
batch+reposition,1,59.1000
batch+reposition,1,58.9000
batch+reposition,1,110.9000
batch+reposition,1,77.9000
batch+reposition,1,25.5000
batch+reposition,1,81.7000
batch+reposition,1,668.3000
batch+reposition,1,297.9000
batch+reposition,1,156.7000
batch+reposition,1,45.9000
batch+reposition,1,73.2000
batch+reposition,1,141.3000
batch+reposition,1,14.0000
batch+reposition,1,30.8000
batch+reposition,1,172.4000
batch+reposition,1,45.0000
batch+reposition,1,57.4000
batch+reposition,1,52.8000
batch+reposition,1,52.2000
batch+reposition,1,63.7000
batch+reposition,1,40.2000
batch+reposition,1,75.7000
batch+reposition,1,62.5000
batch+reposition,1,40.4000
batch+reposition,1,50.6000
batch+reposition,1,38.5000
batch+reposition,1,63.5000
batch+reposition,1,21.7000
batch+reposition,1,115.2000
batch+reposition,1,45.8000
batch+reposition,1,114.0000
batch+reposition,1,39.5000
batch+reposition,1,63.5000
batch+reposition,1,216.1000
batch+reposition,1,42.6000
batch+reposition,1,114.7000
batch+reposition,1,55.4000
batch+reposition,1,17.4000
batch+reposition,1,36.2000
batch+reposition,1,48.4000
batch+reposition,1,77.0000
batch+reposition,1,680.7000
batch+reposition,1,64.9000
batch+reposition,1,35.8000
batch+reposition,1,62.7000
batch+reposition,1,139.9000
batch+reposition,1,39.0000
batch+reposition,1,43.1000
batch+reposition,1,278.1000
batch+reposition,1,48.0000
batch+reposition,1,79.0000
batch+reposition,1,18.0000
batch+reposition,1,25.2000
batch+reposition,1,41.2000
batch+reposition,1,18.5000
batch+reposition,1,29.7000
batch+reposition,1,52.4000
batch+reposition,1,76.9000
batch+reposition,1,13.7000
batch+reposition,1,68.4000
batch+reposition,1,26.3000
batch+reposition,1,143.4000
batch+reposition,1,22.0000
batch+reposition,1,673.7000
batch+reposition,1,324.4000
batch+reposition,1,86.9000
batch+reposition,1,63.3000
batch+reposition,1,62.6000
batch+reposition,1,73.5000
batch+reposition,1,131.9000
batch+reposition,1,24.6000
batch+reposition,1,82.5000
batch+reposition,1,72.4000
batch+reposition,1,14.2000
batch+reposition,1,166.0000
batch+reposition,1,57.1000
batch+reposition,1,119.3000
batch+reposition,1,96.5000
batch+reposition,1,8.3000
batch+reposition,1,7.1000
batch+reposition,1,36.3000
batch+reposition,1,46.6000
batch+reposition,1,68.5000
batch+reposition,1,23.5000
batch+reposition,1,83.1000
batch+reposition,1,62.9000
batch+reposition,1,31.3000
batch+reposition,1,28.1000
batch+reposition,1,40.3000
batch+reposition,1,53.9000
batch+reposition,1,18.8000
batch+reposition,1,100.6000
batch+reposition,1,177.4000
batch+reposition,1,10.5000
batch+reposition,1,277.3000
batch+reposition,1,36.2000
batch+reposition,1,205.4000
batch+reposition,1,11.9000
batch+reposition,1,64.5000
batch+reposition,1,33.3000
batch+reposition,1,65.9000
batch+reposition,1,48.4000
batch+reposition,1,10.0000
batch+reposition,1,472.7000
batch+reposition,1,70.3000
batch+reposition,1,63.1000
batch+reposition,1,94.6000
batch+reposition,1,208.5000
batch+reposition,1,671.4000
batch+reposition,1,12.6000
batch+reposition,1,52.5000
batch+reposition,1,189.0000
batch+reposition,1,100.2000
batch+reposition,1,52.6000
batch+reposition,1,98.7000
batch+reposition,1,61.2000
batch+reposition,1,64.6000
batch+reposition,1,73.6000
batch+reposition,1,65.9000
batch+reposition,1,34.1000
batch+reposition,1,37.9000
batch+reposition,1,11.2000
batch+reposition,1,23.5000
batch+reposition,1,115.5000
batch+reposition,1,144.9000
batch+reposition,1,37.7000
batch+reposition,1,38.1000
batch+reposition,1,99.4000
batch+reposition,1,666.4000
batch+reposition,1,111.1000
batch+reposition,1,154.3000
batch+reposition,1,14.9000
batch+reposition,1,40.1000
batch+reposition,1,444.7000
batch+reposition,1,36.5000
batch+reposition,1,21.8000
batch+reposition,1,20.9000
batch+reposition,1,25.8000
batch+reposition,1,61.4000
batch+reposition,1,177.3000
batch+reposition,1,24.2000
batch+reposition,1,81.6000
batch+reposition,1,62.6000
batch+reposition,1,191.4000
batch+reposition,1,87.7000
batch+reposition,1,63.6000
batch+reposition,1,34.0000
batch+reposition,1,1164.2000
batch+reposition,1,75.7000
batch+reposition,1,39.6000
batch+reposition,1,140.9000
batch+reposition,1,32.6000
batch+reposition,1,73.7000
batch+reposition,1,140.5000
batch+reposition,1,114.5000
batch+reposition,1,77.4000
batch+reposition,1,137.5000
batch+reposition,1,30.2000
batch+reposition,1,671.2000
batch+reposition,1,64.7000
batch+reposition,1,76.6000
batch+reposition,1,78.1000
batch+reposition,1,570.0000
batch+reposition,1,59.0000
batch+reposition,1,324.3000
batch+reposition,1,54.0000
batch+reposition,1,33.5000
batch+reposition,1,803.5000
batch+reposition,1,525.5000
batch+reposition,1,35.0000
batch+reposition,1,541.5000
batch+reposition,1,807.7000
batch+reposition,1,1341.3000
batch+reposition,1,1275.3000
batch+reposition,1,775.7000
batch+reposition,1,606.7000
batch+reposition,1,602.7000
batch+reposition,1,594.6000
batch+reposition,2,35.4000
batch+reposition,2,27.1000
batch+reposition,2,4.4000
batch+reposition,2,30.4000
batch+reposition,2,19.4000
batch+reposition,2,48.7000
batch+reposition,2,41.0000
batch+reposition,2,27.2000
batch+reposition,2,39.8000
batch+reposition,2,48.1000
batch+reposition,2,20.2000
batch+reposition,2,56.9000
batch+reposition,2,19.4000
batch+reposition,2,22.0000
batch+reposition,2,1.4000
batch+reposition,2,36.4000
batch+reposition,2,10.5000
batch+reposition,2,57.2000
batch+reposition,2,23.5000
batch+reposition,2,23.7000
batch+reposition,2,316.9000
batch+reposition,2,8.3000
batch+reposition,2,10.9000
batch+reposition,2,15.4000
batch+reposition,2,4.4000
batch+reposition,2,50.8000
batch+reposition,2,35.5000
batch+reposition,2,67.8000
batch+reposition,2,29.7000
batch+reposition,2,48.6000
batch+reposition,2,6.0000
batch+reposition,2,61.3000
batch+reposition,2,21.4000
batch+reposition,2,24.6000
batch+reposition,2,58.5000
batch+reposition,2,55.2000
batch+reposition,2,40.9000
batch+reposition,2,51.9000
batch+reposition,2,14.6000
batch+reposition,2,33.5000
batch+reposition,2,20.2000
batch+reposition,2,25.6000
batch+reposition,2,1.0000
batch+reposition,2,75.2000
batch+reposition,2,56.0000
batch+reposition,2,33.1000
batch+reposition,2,40.2000
batch+reposition,2,54.2000
batch+reposition,2,28.8000
batch+reposition,2,24.3000
batch+reposition,2,81.6000
batch+reposition,2,129.5000
batch+reposition,2,64.3000
batch+reposition,2,32.7000
batch+reposition,2,87.9000
batch+reposition,2,298.8000
batch+reposition,2,47.4000
batch+reposition,2,23.7000
batch+reposition,2,16.6000
batch+reposition,2,34.4000
batch+reposition,2,41.4000
batch+reposition,2,34.0000
batch+reposition,2,11.3000
batch+reposition,2,111.4000
batch+reposition,2,45.1000
batch+reposition,2,62.8000
batch+reposition,2,31.0000
batch+reposition,2,113.0000
batch+reposition,2,78.5000
batch+reposition,2,67.3000
batch+reposition,2,6.5000
batch+reposition,2,238.4000
batch+reposition,2,19.5000
batch+reposition,2,33.6000
batch+reposition,2,31.1000
batch+reposition,2,271.3000
batch+reposition,2,89.7000
batch+reposition,2,163.8000
batch+reposition,2,43.5000
batch+reposition,2,40.1000
batch+reposition,2,57.8000
batch+reposition,2,77.1000
batch+reposition,2,47.3000
batch+reposition,2,86.9000
batch+reposition,2,323.3000
batch+reposition,2,50.1000
batch+reposition,2,28.7000
batch+reposition,2,52.3000
batch+reposition,2,42.0000
batch+reposition,2,45.0000
batch+reposition,2,154.4000
batch+reposition,2,49.3000
batch+reposition,2,65.4000
batch+reposition,2,154.0000
batch+reposition,2,91.2000
batch+reposition,2,17.4000
batch+reposition,2,83.7000
batch+reposition,2,15.0000
batch+reposition,2,10.3000
batch+reposition,2,16.4000
batch+reposition,2,58.8000
batch+reposition,2,75.2000
batch+reposition,2,36.2000
batch+reposition,2,30.6000
batch+reposition,2,168.7000
batch+reposition,2,35.7000
batch+reposition,2,48.8000
batch+reposition,2,63.9000
batch+reposition,2,308.4000
batch+reposition,2,75.2000
batch+reposition,2,55.5000
batch+reposition,2,54.2000
batch+reposition,2,29.5000
batch+reposition,2,64.1000
batch+reposition,2,49.0000
batch+reposition,2,71.6000
batch+reposition,2,60.3000
batch+reposition,2,37.5000
batch+reposition,2,69.5000
batch+reposition,2,36.3000
batch+reposition,2,29.5000
batch+reposition,2,21.1000
batch+reposition,2,258.0000
batch+reposition,2,49.6000
batch+reposition,2,37.9000
batch+reposition,2,153.6000
batch+reposition,2,146.3000
batch+reposition,2,38.9000
batch+reposition,2,26.2000
batch+reposition,2,54.6000
batch+reposition,2,12.9000
batch+reposition,2,79.9000
batch+reposition,2,87.1000
batch+reposition,2,181.4000
batch+reposition,2,53.4000
batch+reposition,2,224.3000
batch+reposition,2,24.6000
batch+reposition,2,41.8000
batch+reposition,2,15.2000
batch+reposition,2,158.0000
batch+reposition,2,12.6000
batch+reposition,2,83.5000
batch+reposition,2,57.4000
batch+reposition,2,33.3000
batch+reposition,2,6.3000
batch+reposition,2,34.1000
batch+reposition,2,182.2000
batch+reposition,2,60.3000
batch+reposition,2,56.0000
batch+reposition,2,37.2000
batch+reposition,2,23.3000
batch+reposition,2,77.5000
batch+reposition,2,226.1000
batch+reposition,2,1.9000
batch+reposition,2,64.1000
batch+reposition,2,2.4000
batch+reposition,2,60.1000
batch+reposition,2,56.4000
batch+reposition,2,60.9000
batch+reposition,2,561.7000
batch+reposition,2,37.8000
batch+reposition,2,129.3000
batch+reposition,2,39.6000
batch+reposition,2,41.1000
batch+reposition,2,39.8000
batch+reposition,2,43.8000
batch+reposition,2,232.4000
batch+reposition,2,58.6000
batch+reposition,2,37.5000
batch+reposition,2,19.7000
batch+reposition,2,40.2000
batch+reposition,2,24.5000
batch+reposition,2,252.9000
batch+reposition,2,37.9000
batch+reposition,2,23.0000
batch+reposition,2,125.7000
batch+reposition,2,42.3000
batch+reposition,2,73.0000
batch+reposition,2,153.9000
batch+reposition,2,203.1000
batch+reposition,2,47.1000
batch+reposition,2,25.7000
batch+reposition,2,69.7000
batch+reposition,2,36.3000
batch+reposition,2,28.5000
batch+reposition,2,45.5000
batch+reposition,2,99.4000
batch+reposition,2,16.9000
batch+reposition,2,77.0000
batch+reposition,2,16.2000
batch+reposition,2,47.6000
batch+reposition,2,59.9000
batch+reposition,2,31.3000
batch+reposition,2,93.6000
batch+reposition,2,40.9000
batch+reposition,2,4.6000
batch+reposition,2,13.7000
batch+reposition,2,16.3000
batch+reposition,2,100.2000
batch+reposition,2,122.0000
batch+reposition,2,31.8000
batch+reposition,2,10.1000
batch+reposition,2,7.8000
batch+reposition,2,60.8000
batch+reposition,2,17.0000
batch+reposition,2,58.7000
batch+reposition,2,91.4000
batch+reposition,2,74.9000
batch+reposition,2,129.6000
batch+reposition,2,53.7000
batch+reposition,2,53.8000
batch+reposition,2,75.9000
batch+reposition,2,61.9000
batch+reposition,2,13.0000
batch+reposition,2,68.6000
batch+reposition,2,56.2000
batch+reposition,2,91.8000
batch+reposition,2,80.6000
batch+reposition,2,82.5000
batch+reposition,2,62.1000
batch+reposition,2,63.9000
batch+reposition,2,35.9000
batch+reposition,2,34.2000
batch+reposition,2,159.5000
batch+reposition,2,51.6000
batch+reposition,2,27.2000
batch+reposition,2,37.4000
batch+reposition,2,40.4000
batch+reposition,2,46.2000
batch+reposition,2,69.0000
batch+reposition,2,49.6000
batch+reposition,2,120.8000
batch+reposition,2,72.8000
batch+reposition,2,338.1000
batch+reposition,2,128.5000
batch+reposition,2,54.4000
batch+reposition,2,527.5000
batch+reposition,2,258.9000
batch+reposition,2,52.6000
batch+reposition,2,88.4000
batch+reposition,2,553.2000
batch+reposition,2,74.4000
batch+reposition,2,38.3000
batch+reposition,2,28.1000
batch+reposition,2,125.5000
batch+reposition,2,21.4000
batch+reposition,2,84.8000
batch+reposition,2,72.4000
batch+reposition,2,123.0000
batch+reposition,2,66.6000
batch+reposition,2,61.1000
batch+reposition,2,3.0000
batch+reposition,2,143.4000
batch+reposition,2,70.4000
batch+reposition,2,81.7000
batch+reposition,2,32.9000
batch+reposition,2,47.4000
batch+reposition,2,91.2000
batch+reposition,2,92.7000
batch+reposition,2,164.7000
batch+reposition,2,63.3000
batch+reposition,2,29.7000
batch+reposition,2,45.2000
batch+reposition,2,43.3000
batch+reposition,2,95.0000
batch+reposition,2,43.1000
batch+reposition,2,25.4000
batch+reposition,2,44.2000
batch+reposition,2,57.5000
batch+reposition,2,79.0000
batch+reposition,2,190.0000
batch+reposition,2,100.9000
batch+reposition,2,50.3000
batch+reposition,2,64.3000
batch+reposition,2,60.4000
batch+reposition,2,104.4000
batch+reposition,2,74.0000
batch+reposition,2,88.7000
batch+reposition,2,8.2000
batch+reposition,2,64.8000
batch+reposition,2,55.7000
batch+reposition,2,36.8000
batch+reposition,2,114.9000
batch+reposition,2,576.0000
batch+reposition,2,55.7000
batch+reposition,2,25.2000
batch+reposition,2,43.6000
batch+reposition,2,56.9000
batch+reposition,2,36.9000
batch+reposition,2,22.1000
batch+reposition,2,87.1000
batch+reposition,2,30.9000
batch+reposition,2,339.7000
batch+reposition,2,52.9000
batch+reposition,2,95.0000
batch+reposition,2,61.1000
batch+reposition,2,54.0000
batch+reposition,2,49.8000
batch+reposition,2,39.1000
batch+reposition,2,104.4000
batch+reposition,2,146.1000
batch+reposition,2,92.4000
batch+reposition,2,54.5000
batch+reposition,2,317.8000
batch+reposition,2,89.9000
batch+reposition,2,46.7000
batch+reposition,2,9.4000
batch+reposition,2,66.3000
batch+reposition,2,62.2000
batch+reposition,2,156.7000
batch+reposition,2,136.6000
batch+reposition,2,101.2000
batch+reposition,2,135.6000
batch+reposition,2,22.8000
batch+reposition,2,54.8000
batch+reposition,2,65.1000
batch+reposition,2,84.9000
batch+reposition,2,8.5000
batch+reposition,2,41.9000
batch+reposition,2,82.1000
batch+reposition,2,95.7000
batch+reposition,2,212.2000
batch+reposition,2,35.1000
batch+reposition,2,46.3000
batch+reposition,2,12.7000
batch+reposition,2,119.0000
batch+reposition,2,10.9000
batch+reposition,2,48.1000
batch+reposition,2,42.2000
batch+reposition,2,3.7000
batch+reposition,2,62.2000
batch+reposition,2,24.8000
batch+reposition,2,2.7000
batch+reposition,2,242.8000
batch+reposition,2,558.6000
batch+reposition,2,238.0000
batch+reposition,2,524.7000
batch+reposition,2,42.8000
batch+reposition,2,53.5000
batch+reposition,2,77.8000
batch+reposition,2,44.0000
batch+reposition,2,14.8000
batch+reposition,2,52.1000
batch+reposition,2,932.5000
batch+reposition,2,41.5000
batch+reposition,2,325.6000
batch+reposition,2,23.2000
batch+reposition,2,406.8000
batch+reposition,2,59.5000
batch+reposition,2,73.2000
batch+reposition,2,71.3000
batch+reposition,2,52.3000
batch+reposition,2,254.2000
batch+reposition,2,41.5000
batch+reposition,2,82.7000
batch+reposition,2,682.2000
batch+reposition,2,19.5000
batch+reposition,2,153.9000
batch+reposition,2,75.3000
batch+reposition,2,31.8000
batch+reposition,2,54.5000
batch+reposition,2,150.5000
batch+reposition,2,6.9000
batch+reposition,2,42.2000
batch+reposition,2,48.8000
batch+reposition,2,41.5000
batch+reposition,2,62.9000
batch+reposition,2,92.8000
batch+reposition,2,46.0000
batch+reposition,2,235.3000
batch+reposition,2,18.2000
batch+reposition,2,48.3000
batch+reposition,2,231.5000
batch+reposition,2,54.6000
batch+reposition,2,841.5000
batch+reposition,2,31.5000
batch+reposition,2,1064.5000
batch+reposition,2,86.7000
batch+reposition,2,86.1000
batch+reposition,2,552.1000
batch+reposition,2,802.4000
batch+reposition,2,23.1000
batch+reposition,2,68.4000
batch+reposition,2,27.5000
batch+reposition,2,58.6000
batch+reposition,2,111.5000
batch+reposition,2,1156.8000
batch+reposition,2,79.2000
batch+reposition,2,91.1000
batch+reposition,2,633.8000
batch+reposition,2,90.9000
batch+reposition,2,104.3000
batch+reposition,2,482.7000
batch+reposition,2,35.1000
batch+reposition,2,51.6000
batch+reposition,2,390.9000
batch+reposition,2,1459.6000
batch+reposition,2,69.5000
batch+reposition,2,19.5000
batch+reposition,2,702.2000
batch+reposition,2,848.8000
batch+reposition,2,803.5000
batch+reposition,2,308.0000
batch+reposition,2,394.1000
batch+reposition,3,76.6000
batch+reposition,3,18.8000
batch+reposition,3,55.0000
batch+reposition,3,12.9000
batch+reposition,3,13.9000
batch+reposition,3,29.9000
batch+reposition,3,45.4000
batch+reposition,3,34.1000
batch+reposition,3,71.5000
batch+reposition,3,64.5000
batch+reposition,3,39.7000
batch+reposition,3,35.7000
batch+reposition,3,21.7000
batch+reposition,3,56.0000
batch+reposition,3,20.7000
batch+reposition,3,35.2000
batch+reposition,3,54.3000
batch+reposition,3,73.2000
batch+reposition,3,6.7000
batch+reposition,3,22.4000
batch+reposition,3,26.5000
batch+reposition,3,45.6000
batch+reposition,3,14.5000
batch+reposition,3,44.4000
batch+reposition,3,84.3000
batch+reposition,3,9.2000
batch+reposition,3,32.2000
batch+reposition,3,30.4000
batch+reposition,3,78.0000
batch+reposition,3,3.5000
batch+reposition,3,10.6000
batch+reposition,3,84.4000
batch+reposition,3,29.2000
batch+reposition,3,59.9000
batch+reposition,3,26.5000
batch+reposition,3,0.1000
batch+reposition,3,77.9000
batch+reposition,3,120.5000
batch+reposition,3,52.8000
batch+reposition,3,14.1000
batch+reposition,3,19.3000
batch+reposition,3,71.9000
batch+reposition,3,3.8000
batch+reposition,3,21.9000
batch+reposition,3,47.7000
batch+reposition,3,85.9000
batch+reposition,3,16.9000
batch+reposition,3,22.2000
batch+reposition,3,13.9000
batch+reposition,3,11.3000
batch+reposition,3,27.4000
batch+reposition,3,8.8000
batch+reposition,3,88.5000
batch+reposition,3,7.6000
batch+reposition,3,68.3000
batch+reposition,3,38.4000
batch+reposition,3,26.6000
batch+reposition,3,50.6000
batch+reposition,3,54.1000
batch+reposition,3,20.3000
batch+reposition,3,187.4000
batch+reposition,3,31.3000
batch+reposition,3,56.1000
batch+reposition,3,24.0000
batch+reposition,3,40.7000
batch+reposition,3,201.6000
batch+reposition,3,62.3000
batch+reposition,3,38.7000
batch+reposition,3,66.8000
batch+reposition,3,31.0000
batch+reposition,3,18.2000
batch+reposition,3,48.8000
batch+reposition,3,62.0000
batch+reposition,3,51.7000
batch+reposition,3,44.6000
batch+reposition,3,31.6000
batch+reposition,3,197.6000
batch+reposition,3,25.4000
batch+reposition,3,73.1000
batch+reposition,3,59.5000
batch+reposition,3,35.8000
batch+reposition,3,38.5000
batch+reposition,3,16.2000
batch+reposition,3,125.7000
batch+reposition,3,91.9000
batch+reposition,3,272.2000
batch+reposition,3,5.6000
batch+reposition,3,27.7000
batch+reposition,3,300.4000
batch+reposition,3,70.4000
batch+reposition,3,57.5000
batch+reposition,3,74.4000
batch+reposition,3,109.7000
batch+reposition,3,108.5000
batch+reposition,3,80.6000
batch+reposition,3,190.6000
batch+reposition,3,29.2000
batch+reposition,3,86.7000
batch+reposition,3,79.4000
batch+reposition,3,74.5000
batch+reposition,3,43.8000
batch+reposition,3,95.5000
batch+reposition,3,64.6000
batch+reposition,3,50.4000
batch+reposition,3,44.9000
batch+reposition,3,286.8000
batch+reposition,3,291.7000
batch+reposition,3,23.9000
batch+reposition,3,2.6000
batch+reposition,3,71.6000
batch+reposition,3,31.1000
batch+reposition,3,70.6000
batch+reposition,3,48.1000
batch+reposition,3,59.2000
batch+reposition,3,66.0000
batch+reposition,3,15.3000
batch+reposition,3,52.4000
batch+reposition,3,83.0000
batch+reposition,3,31.4000
batch+reposition,3,13.8000
batch+reposition,3,111.2000
batch+reposition,3,38.5000
batch+reposition,3,93.8000
batch+reposition,3,58.0000
batch+reposition,3,21.2000
batch+reposition,3,34.1000
batch+reposition,3,128.4000
batch+reposition,3,205.4000
batch+reposition,3,348.1000
batch+reposition,3,42.8000
batch+reposition,3,32.1000
batch+reposition,3,424.1000
batch+reposition,3,76.2000
batch+reposition,3,129.7000
batch+reposition,3,4.3000
batch+reposition,3,50.9000
batch+reposition,3,17.8000
batch+reposition,3,22.8000
batch+reposition,3,3.8000
batch+reposition,3,97.2000
batch+reposition,3,45.9000
batch+reposition,3,15.7000
batch+reposition,3,62.5000
batch+reposition,3,64.9000
batch+reposition,3,5.1000
batch+reposition,3,57.0000
batch+reposition,3,26.1000
batch+reposition,3,45.2000
batch+reposition,3,174.0000
batch+reposition,3,189.5000
batch+reposition,3,54.5000
batch+reposition,3,53.1000
batch+reposition,3,79.5000
batch+reposition,3,68.7000
batch+reposition,3,35.7000
batch+reposition,3,70.3000
batch+reposition,3,58.9000
batch+reposition,3,524.2000
batch+reposition,3,47.0000
batch+reposition,3,88.2000
batch+reposition,3,182.4000
batch+reposition,3,40.1000
batch+reposition,3,43.5000
batch+reposition,3,36.7000
batch+reposition,3,34.6000
batch+reposition,3,90.4000
batch+reposition,3,41.8000
batch+reposition,3,17.1000
batch+reposition,3,111.1000
batch+reposition,3,49.9000
batch+reposition,3,80.6000
batch+reposition,3,33.2000
batch+reposition,3,52.0000
batch+reposition,3,37.9000
batch+reposition,3,84.4000
batch+reposition,3,28.5000
batch+reposition,3,26.1000
batch+reposition,3,166.6000
batch+reposition,3,48.7000
batch+reposition,3,35.6000
batch+reposition,3,58.0000
batch+reposition,3,22.8000
batch+reposition,3,99.8000
batch+reposition,3,31.5000
batch+reposition,3,52.9000
batch+reposition,3,62.9000
batch+reposition,3,46.3000
batch+reposition,3,236.4000
batch+reposition,3,74.0000
batch+reposition,3,21.6000
batch+reposition,3,50.8000
batch+reposition,3,37.6000
batch+reposition,3,74.5000
batch+reposition,3,55.4000
batch+reposition,3,52.2000
batch+reposition,3,20.0000
batch+reposition,3,71.5000
batch+reposition,3,36.6000
batch+reposition,3,27.1000
batch+reposition,3,26.8000
batch+reposition,3,68.3000
batch+reposition,3,34.6000
batch+reposition,3,28.6000
batch+reposition,3,106.9000
batch+reposition,3,44.4000
batch+reposition,3,33.0000
batch+reposition,3,43.4000
batch+reposition,3,50.4000
batch+reposition,3,25.7000
batch+reposition,3,13.8000
batch+reposition,3,71.6000
batch+reposition,3,48.7000
batch+reposition,3,59.3000
batch+reposition,3,65.1000
batch+reposition,3,29.6000
batch+reposition,3,41.4000
batch+reposition,3,68.9000
batch+reposition,3,16.7000
batch+reposition,3,42.1000
batch+reposition,3,55.1000
batch+reposition,3,734.0000
batch+reposition,3,46.2000
batch+reposition,3,112.2000
batch+reposition,3,32.0000
batch+reposition,3,49.6000
batch+reposition,3,34.5000
batch+reposition,3,21.3000
batch+reposition,3,53.2000
batch+reposition,3,67.6000
batch+reposition,3,313.9000
batch+reposition,3,52.9000
batch+reposition,3,31.0000
batch+reposition,3,269.6000
batch+reposition,3,13.1000
batch+reposition,3,72.6000
batch+reposition,3,215.6000
batch+reposition,3,116.9000
batch+reposition,3,358.6000
batch+reposition,3,23.0000
batch+reposition,3,633.6000
batch+reposition,3,35.3000
batch+reposition,3,52.5000
batch+reposition,3,35.0000
batch+reposition,3,53.5000
batch+reposition,3,41.6000
batch+reposition,3,11.7000
batch+reposition,3,81.1000
batch+reposition,3,41.5000
batch+reposition,3,70.3000
batch+reposition,3,57.6000
batch+reposition,3,62.4000
batch+reposition,3,12.1000
batch+reposition,3,81.8000
batch+reposition,3,95.6000
batch+reposition,3,81.7000
batch+reposition,3,66.7000
batch+reposition,3,94.3000
batch+reposition,3,691.5000
batch+reposition,3,49.8000
batch+reposition,3,68.2000
batch+reposition,3,65.9000
batch+reposition,3,48.4000
batch+reposition,3,702.7000
batch+reposition,3,58.8000
batch+reposition,3,10.3000
batch+reposition,3,50.3000
batch+reposition,3,67.4000
batch+reposition,3,38.3000
batch+reposition,3,33.0000
batch+reposition,3,49.1000
batch+reposition,3,68.2000
batch+reposition,3,47.1000
batch+reposition,3,69.9000
batch+reposition,3,100.2000
batch+reposition,3,29.0000
batch+reposition,3,11.8000
batch+reposition,3,18.0000
batch+reposition,3,58.0000
batch+reposition,3,39.0000
batch+reposition,3,88.1000
batch+reposition,3,89.0000
batch+reposition,3,42.0000
batch+reposition,3,202.8000
batch+reposition,3,60.8000
batch+reposition,3,38.1000
batch+reposition,3,51.3000
batch+reposition,3,86.0000
batch+reposition,3,104.2000
batch+reposition,3,24.5000
batch+reposition,3,4.0000
batch+reposition,3,80.8000
batch+reposition,3,42.3000
batch+reposition,3,358.5000
batch+reposition,3,726.2000
batch+reposition,3,63.5000
batch+reposition,3,28.2000
batch+reposition,3,11.9000
batch+reposition,3,49.3000
batch+reposition,3,63.6000
batch+reposition,3,83.2000
batch+reposition,3,189.9000
batch+reposition,3,15.3000
batch+reposition,3,52.0000
batch+reposition,3,798.0000
batch+reposition,3,57.8000
batch+reposition,3,14.0000
batch+reposition,3,30.1000
batch+reposition,3,66.0000
batch+reposition,3,33.8000
batch+reposition,3,56.3000
batch+reposition,3,17.7000
batch+reposition,3,83.8000
batch+reposition,3,49.9000
batch+reposition,3,25.4000
batch+reposition,3,42.1000
batch+reposition,3,25.2000
batch+reposition,3,90.6000
batch+reposition,3,33.3000
batch+reposition,3,12.4000
batch+reposition,3,64.9000
batch+reposition,3,86.8000
batch+reposition,3,49.4000
batch+reposition,3,43.9000
batch+reposition,3,40.7000
batch+reposition,3,37.1000
batch+reposition,3,254.5000
batch+reposition,3,17.1000
batch+reposition,3,113.3000
batch+reposition,3,46.3000
batch+reposition,3,65.6000
batch+reposition,3,102.4000
batch+reposition,3,54.2000
batch+reposition,3,20.7000
batch+reposition,3,73.5000
batch+reposition,3,916.6000
batch+reposition,3,120.6000
batch+reposition,3,26.1000
batch+reposition,3,915.1000
batch+reposition,3,51.6000
batch+reposition,3,49.5000
batch+reposition,3,53.9000
batch+reposition,3,85.8000
batch+reposition,3,205.9000
batch+reposition,3,48.0000
batch+reposition,3,150.4000
batch+reposition,3,71.8000
batch+reposition,3,22.7000
batch+reposition,3,51.3000
batch+reposition,3,115.4000
batch+reposition,3,40.5000
batch+reposition,3,40.5000
batch+reposition,3,50.5000
batch+reposition,3,27.6000
batch+reposition,3,27.2000
batch+reposition,3,28.7000
batch+reposition,3,36.1000
batch+reposition,3,178.4000
batch+reposition,3,84.0000
batch+reposition,3,112.8000
batch+reposition,3,115.5000
batch+reposition,3,48.6000
batch+reposition,3,59.4000
batch+reposition,3,77.7000
batch+reposition,3,49.9000
batch+reposition,3,47.1000
batch+reposition,3,125.3000
batch+reposition,3,80.4000
batch+reposition,3,84.9000
batch+reposition,3,76.7000
batch+reposition,3,108.8000
batch+reposition,3,26.4000
batch+reposition,3,61.0000
batch+reposition,3,38.8000
batch+reposition,3,52.1000
batch+reposition,3,966.2000
batch+reposition,3,22.7000
batch+reposition,3,76.6000
batch+reposition,3,67.1000
batch+reposition,3,33.0000
batch+reposition,3,95.9000
batch+reposition,3,18.5000
batch+reposition,3,271.8000
batch+reposition,3,19.5000
batch+reposition,3,15.4000
batch+reposition,3,95.4000
batch+reposition,3,185.5000
batch+reposition,3,53.7000
batch+reposition,3,72.0000
batch+reposition,3,111.4000
batch+reposition,3,22.4000
batch+reposition,3,15.1000
batch+reposition,3,107.7000
batch+reposition,3,52.7000
batch+reposition,3,127.1000
batch+reposition,3,65.4000
batch+reposition,3,33.8000
batch+reposition,3,564.3000
batch+reposition,3,238.6000
batch+reposition,3,55.4000
batch+reposition,3,121.8000
batch+reposition,3,24.9000
batch+reposition,3,983.2000
batch+reposition,3,95.5000
batch+reposition,3,118.4000
batch+reposition,3,18.0000
batch+reposition,3,111.9000
batch+reposition,3,128.1000
batch+reposition,3,128.0000
batch+reposition,3,50.0000
batch+reposition,3,117.6000
batch+reposition,3,28.7000
batch+reposition,3,1046.9000
batch+reposition,3,69.5000
batch+reposition,3,930.3000
batch+reposition,3,668.3000
batch+reposition,3,54.7000
batch+reposition,3,160.1000
batch+reposition,3,42.8000
batch+reposition,3,31.1000
batch+reposition,3,33.5000
batch+reposition,3,341.5000
batch+reposition,3,249.4000
batch+reposition,3,1024.2000
batch+reposition,3,450.9000
batch+reposition,3,501.3000
batch+reposition,3,1384.4000
batch+reposition,3,577.6000
batch+reposition,3,544.1000
batch+reposition,3,932.0000
batch+reposition,3,79.9000
batch+reposition,4,34.1000
batch+reposition,4,59.1000
batch+reposition,4,15.9000
batch+reposition,4,27.1000
batch+reposition,4,26.7000
batch+reposition,4,30.1000
batch+reposition,4,24.1000
batch+reposition,4,42.9000
batch+reposition,4,93.4000
batch+reposition,4,19.1000
batch+reposition,4,50.8000
batch+reposition,4,26.6000
batch+reposition,4,23.9000
batch+reposition,4,16.6000
batch+reposition,4,25.5000
batch+reposition,4,13.3000
batch+reposition,4,46.1000
batch+reposition,4,9.1000
batch+reposition,4,36.3000
batch+reposition,4,65.8000
batch+reposition,4,54.1000
batch+reposition,4,28.7000
batch+reposition,4,13.0000
batch+reposition,4,526.7000
batch+reposition,4,35.8000
batch+reposition,4,51.6000
batch+reposition,4,160.8000
batch+reposition,4,37.8000
batch+reposition,4,32.4000
batch+reposition,4,52.3000
batch+reposition,4,56.5000
batch+reposition,4,191.9000
batch+reposition,4,27.7000
batch+reposition,4,42.6000
batch+reposition,4,34.9000
batch+reposition,4,62.9000
batch+reposition,4,36.2000
batch+reposition,4,13.1000
batch+reposition,4,263.8000
batch+reposition,4,22.5000
batch+reposition,4,89.1000
batch+reposition,4,38.8000
batch+reposition,4,18.4000
batch+reposition,4,32.5000
batch+reposition,4,43.7000
batch+reposition,4,41.7000
batch+reposition,4,43.0000
batch+reposition,4,53.0000
batch+reposition,4,47.9000
batch+reposition,4,82.6000
batch+reposition,4,12.7000
batch+reposition,4,44.9000
batch+reposition,4,53.2000
batch+reposition,4,15.7000
batch+reposition,4,30.0000
batch+reposition,4,49.7000
batch+reposition,4,62.5000
batch+reposition,4,49.3000
batch+reposition,4,47.7000
batch+reposition,4,29.4000
batch+reposition,4,99.7000
batch+reposition,4,76.1000
batch+reposition,4,57.0000
batch+reposition,4,75.3000
batch+reposition,4,5.9000
batch+reposition,4,23.0000
batch+reposition,4,108.7000
batch+reposition,4,11.1000
batch+reposition,4,3.2000
batch+reposition,4,52.1000
batch+reposition,4,11.4000
batch+reposition,4,35.6000
batch+reposition,4,81.8000
batch+reposition,4,42.8000
batch+reposition,4,20.5000
batch+reposition,4,8.5000
batch+reposition,4,57.1000
batch+reposition,4,61.7000
batch+reposition,4,75.3000
batch+reposition,4,26.7000
batch+reposition,4,67.6000
batch+reposition,4,30.8000
batch+reposition,4,40.1000
batch+reposition,4,56.2000
batch+reposition,4,129.0000
batch+reposition,4,74.8000
batch+reposition,4,41.4000
batch+reposition,4,58.2000
batch+reposition,4,31.4000
batch+reposition,4,39.9000
batch+reposition,4,19.5000
batch+reposition,4,63.7000
batch+reposition,4,88.3000
batch+reposition,4,84.2000
batch+reposition,4,46.9000
batch+reposition,4,63.6000
batch+reposition,4,1.6000
batch+reposition,4,115.5000
batch+reposition,4,52.1000
batch+reposition,4,107.6000
batch+reposition,4,69.6000
batch+reposition,4,28.6000
batch+reposition,4,30.6000
batch+reposition,4,66.4000
batch+reposition,4,46.8000
batch+reposition,4,25.3000
batch+reposition,4,47.4000
batch+reposition,4,42.6000
batch+reposition,4,60.5000
batch+reposition,4,74.3000
batch+reposition,4,32.6000
batch+reposition,4,68.5000
batch+reposition,4,50.2000
batch+reposition,4,410.7000
batch+reposition,4,36.2000
batch+reposition,4,42.9000
batch+reposition,4,17.8000
batch+reposition,4,421.0000
batch+reposition,4,50.7000
batch+reposition,4,29.5000
batch+reposition,4,57.7000
batch+reposition,4,49.1000
batch+reposition,4,42.8000
batch+reposition,4,61.1000
batch+reposition,4,55.5000
batch+reposition,4,47.8000
batch+reposition,4,68.2000
batch+reposition,4,19.5000
batch+reposition,4,61.3000
batch+reposition,4,46.2000
batch+reposition,4,18.7000
batch+reposition,4,29.6000
batch+reposition,4,51.4000
batch+reposition,4,145.5000
batch+reposition,4,29.7000
batch+reposition,4,47.0000
batch+reposition,4,100.2000
batch+reposition,4,52.1000
batch+reposition,4,26.2000
batch+reposition,4,130.3000
batch+reposition,4,69.2000
batch+reposition,4,44.1000
batch+reposition,4,61.7000
batch+reposition,4,47.0000
batch+reposition,4,98.2000
batch+reposition,4,39.6000
batch+reposition,4,33.0000
batch+reposition,4,32.8000
batch+reposition,4,16.3000
batch+reposition,4,77.8000
batch+reposition,4,303.7000
batch+reposition,4,45.8000
batch+reposition,4,35.3000
batch+reposition,4,27.8000
batch+reposition,4,113.8000
batch+reposition,4,61.1000
batch+reposition,4,12.5000
batch+reposition,4,49.2000
batch+reposition,4,65.2000
batch+reposition,4,36.2000
batch+reposition,4,194.6000
batch+reposition,4,65.9000
batch+reposition,4,78.4000
batch+reposition,4,37.6000
batch+reposition,4,47.7000
batch+reposition,4,170.2000
batch+reposition,4,16.6000
batch+reposition,4,63.5000
batch+reposition,4,16.9000
batch+reposition,4,27.7000
batch+reposition,4,28.5000
batch+reposition,4,210.1000
batch+reposition,4,58.8000
batch+reposition,4,13.5000
batch+reposition,4,35.5000
batch+reposition,4,34.8000
batch+reposition,4,49.8000
batch+reposition,4,373.0000
batch+reposition,4,45.3000
batch+reposition,4,278.8000
batch+reposition,4,32.1000
batch+reposition,4,37.7000
batch+reposition,4,304.7000
batch+reposition,4,35.3000
batch+reposition,4,56.5000
batch+reposition,4,27.9000
batch+reposition,4,52.7000
batch+reposition,4,46.0000
batch+reposition,4,55.6000
batch+reposition,4,480.1000
batch+reposition,4,27.5000
batch+reposition,4,142.5000
batch+reposition,4,630.2000
batch+reposition,4,91.4000
batch+reposition,4,48.8000
batch+reposition,4,106.9000
batch+reposition,4,208.8000
batch+reposition,4,66.8000
batch+reposition,4,20.1000
batch+reposition,4,135.0000
batch+reposition,4,21.1000
batch+reposition,4,104.3000
batch+reposition,4,42.6000
batch+reposition,4,328.5000
batch+reposition,4,16.1000
batch+reposition,4,80.6000
batch+reposition,4,81.8000
batch+reposition,4,18.0000
batch+reposition,4,77.1000
batch+reposition,4,28.4000
batch+reposition,4,47.6000
batch+reposition,4,157.9000
batch+reposition,4,605.5000
batch+reposition,4,96.3000
batch+reposition,4,52.8000
batch+reposition,4,32.1000
batch+reposition,4,75.9000
batch+reposition,4,34.6000
batch+reposition,4,172.6000
batch+reposition,4,211.6000
batch+reposition,4,42.1000
batch+reposition,4,53.1000
batch+reposition,4,59.9000
batch+reposition,4,65.3000
batch+reposition,4,44.7000
batch+reposition,4,66.6000
batch+reposition,4,271.5000
batch+reposition,4,73.7000
batch+reposition,4,258.6000
batch+reposition,4,108.4000
batch+reposition,4,5.4000
batch+reposition,4,197.0000
batch+reposition,4,25.3000
batch+reposition,4,83.1000
batch+reposition,4,37.7000
batch+reposition,4,16.7000
batch+reposition,4,38.3000
batch+reposition,4,92.5000
batch+reposition,4,51.2000
batch+reposition,4,62.6000
batch+reposition,4,53.4000
batch+reposition,4,45.6000
batch+reposition,4,149.2000
batch+reposition,4,226.8000
batch+reposition,4,43.0000
batch+reposition,4,64.7000
batch+reposition,4,85.5000
batch+reposition,4,108.3000
batch+reposition,4,54.0000
batch+reposition,4,47.0000
batch+reposition,4,21.7000
batch+reposition,4,115.9000
batch+reposition,4,66.2000
batch+reposition,4,58.5000
batch+reposition,4,23.1000
batch+reposition,4,54.5000
batch+reposition,4,89.9000
batch+reposition,4,35.4000
batch+reposition,4,16.0000
batch+reposition,4,42.7000
batch+reposition,4,19.7000
batch+reposition,4,106.6000
batch+reposition,4,102.0000
batch+reposition,4,76.1000
batch+reposition,4,58.1000
batch+reposition,4,56.5000
batch+reposition,4,118.3000
batch+reposition,4,67.3000
batch+reposition,4,45.7000
batch+reposition,4,86.5000
batch+reposition,4,90.7000
batch+reposition,4,48.8000
batch+reposition,4,89.9000
batch+reposition,4,179.7000
batch+reposition,4,50.4000
batch+reposition,4,71.1000
batch+reposition,4,104.6000
batch+reposition,4,792.1000
batch+reposition,4,275.1000
batch+reposition,4,64.5000
batch+reposition,4,111.9000
batch+reposition,4,66.4000
batch+reposition,4,43.2000
batch+reposition,4,23.6000
batch+reposition,4,84.5000
batch+reposition,4,74.8000
batch+reposition,4,19.4000
batch+reposition,4,78.4000
batch+reposition,4,89.0000
batch+reposition,4,390.5000
batch+reposition,4,93.1000
batch+reposition,4,912.8000
batch+reposition,4,23.6000
batch+reposition,4,1090.3000
batch+reposition,4,936.3000
batch+reposition,4,87.1000
batch+reposition,4,83.1000
batch+reposition,4,6.3000
batch+reposition,4,42.8000
batch+reposition,4,68.4000
batch+reposition,4,25.9000
batch+reposition,4,41.4000
batch+reposition,4,3.3000
batch+reposition,4,115.3000
batch+reposition,4,749.0000
batch+reposition,4,868.2000
batch+reposition,4,13.4000
batch+reposition,4,215.9000
batch+reposition,4,54.5000
batch+reposition,4,281.8000
batch+reposition,4,30.8000
batch+reposition,4,92.1000
batch+reposition,4,56.2000
batch+reposition,4,65.6000
batch+reposition,4,12.6000
batch+reposition,4,136.1000
batch+reposition,4,33.3000
batch+reposition,4,95.8000
batch+reposition,4,65.1000
batch+reposition,4,89.1000
batch+reposition,4,41.5000
batch+reposition,4,28.6000
batch+reposition,4,264.1000
batch+reposition,4,87.3000
batch+reposition,4,27.6000
batch+reposition,4,22.6000
batch+reposition,4,36.6000
batch+reposition,4,60.0000
batch+reposition,4,116.3000
batch+reposition,4,1.0000
batch+reposition,4,43.9000
batch+reposition,4,65.7000
batch+reposition,4,71.8000
batch+reposition,4,32.3000
batch+reposition,4,39.2000
batch+reposition,4,374.0000
batch+reposition,4,499.4000
batch+reposition,4,62.9000
batch+reposition,4,19.0000
batch+reposition,4,16.9000
batch+reposition,4,55.4000
batch+reposition,4,78.6000
batch+reposition,4,1.4000
batch+reposition,4,61.1000
batch+reposition,4,76.0000
batch+reposition,4,54.9000
batch+reposition,4,19.8000
batch+reposition,4,223.4000
batch+reposition,4,24.5000
batch+reposition,4,40.4000
batch+reposition,4,396.6000
batch+reposition,4,33.6000
batch+reposition,4,56.4000
batch+reposition,4,25.3000
batch+reposition,4,73.5000
batch+reposition,4,90.1000
batch+reposition,4,114.6000
batch+reposition,4,186.4000
batch+reposition,4,53.2000
batch+reposition,4,45.4000
batch+reposition,4,34.3000
batch+reposition,4,74.3000
batch+reposition,4,56.0000
batch+reposition,4,101.3000
batch+reposition,4,284.8000
batch+reposition,4,2.8000
batch+reposition,4,26.5000
batch+reposition,4,49.3000
batch+reposition,4,317.7000
batch+reposition,4,89.2000
batch+reposition,4,71.4000
batch+reposition,4,54.8000
batch+reposition,4,78.5000
batch+reposition,4,27.0000
batch+reposition,4,1314.8000
batch+reposition,4,600.0000
batch+reposition,4,144.5000
batch+reposition,4,66.6000
batch+reposition,4,37.8000
batch+reposition,4,118.2000
batch+reposition,4,67.7000
batch+reposition,4,25.1000
batch+reposition,4,74.8000
batch+reposition,4,147.5000
batch+reposition,4,42.2000
batch+reposition,4,56.7000
batch+reposition,4,85.7000
batch+reposition,4,30.5000
batch+reposition,4,60.4000
batch+reposition,4,48.3000
batch+reposition,4,135.2000
batch+reposition,4,49.4000
batch+reposition,4,352.5000
batch+reposition,4,30.8000
batch+reposition,4,21.6000
batch+reposition,4,355.2000
batch+reposition,4,32.7000
batch+reposition,4,53.4000
batch+reposition,4,72.0000
batch+reposition,4,116.8000
batch+reposition,4,92.2000
batch+reposition,4,71.1000
batch+reposition,4,85.1000
batch+reposition,4,47.0000
batch+reposition,4,18.4000
batch+reposition,4,1101.4000
batch+reposition,4,70.3000
batch+reposition,4,37.6000
batch+reposition,4,113.0000
batch+reposition,4,651.2000
batch+reposition,4,220.1000
batch+reposition,4,47.9000
batch+reposition,4,436.0000
batch+reposition,4,73.4000
batch+reposition,4,45.2000
batch+reposition,4,201.7000
batch+reposition,4,45.8000
batch+reposition,4,880.3000
batch+reposition,4,48.2000
batch+reposition,4,797.3000
batch+reposition,4,565.7000
batch+reposition,4,519.6000
batch+reposition,4,83.3000
batch+reposition,4,651.5000
batch+reposition,4,1040.5000
batch+reposition,4,914.4000
batch+reposition,4,563.9000
batch+reposition,4,1222.4000
batch+reposition,4,118.0000
batch+reposition,4,1048.4000
batch+reposition,4,1687.7000
batch+reposition,5,18.7000
batch+reposition,5,7.3000
batch+reposition,5,22.0000
batch+reposition,5,70.4000
batch+reposition,5,55.4000
batch+reposition,5,69.5000
batch+reposition,5,27.0000
batch+reposition,5,47.4000
batch+reposition,5,22.5000
batch+reposition,5,20.7000
batch+reposition,5,15.5000
batch+reposition,5,29.5000
batch+reposition,5,13.7000
batch+reposition,5,46.0000
batch+reposition,5,41.0000
batch+reposition,5,27.9000
batch+reposition,5,70.9000
batch+reposition,5,27.1000
batch+reposition,5,49.7000
batch+reposition,5,69.4000
batch+reposition,5,26.1000
batch+reposition,5,45.9000
batch+reposition,5,25.1000
batch+reposition,5,32.9000
batch+reposition,5,78.7000
batch+reposition,5,153.6000
batch+reposition,5,11.3000
batch+reposition,5,55.9000
batch+reposition,5,67.7000
batch+reposition,5,68.2000
batch+reposition,5,87.6000
batch+reposition,5,25.3000
batch+reposition,5,26.4000
batch+reposition,5,46.4000
batch+reposition,5,74.6000
batch+reposition,5,29.0000
batch+reposition,5,62.4000
batch+reposition,5,2.4000
batch+reposition,5,127.8000
batch+reposition,5,16.2000
batch+reposition,5,27.1000
batch+reposition,5,301.4000
batch+reposition,5,42.4000
batch+reposition,5,71.8000
batch+reposition,5,72.9000
batch+reposition,5,5.6000
batch+reposition,5,32.1000
batch+reposition,5,95.4000
batch+reposition,5,43.7000
batch+reposition,5,3.4000
batch+reposition,5,81.4000
batch+reposition,5,141.8000
batch+reposition,5,81.1000
batch+reposition,5,71.3000
batch+reposition,5,24.7000
batch+reposition,5,13.3000
batch+reposition,5,52.4000
batch+reposition,5,51.8000
batch+reposition,5,32.2000
batch+reposition,5,19.5000
batch+reposition,5,123.4000
batch+reposition,5,11.9000
batch+reposition,5,38.8000
batch+reposition,5,26.8000
batch+reposition,5,72.4000
batch+reposition,5,64.6000
batch+reposition,5,11.9000
batch+reposition,5,69.6000
batch+reposition,5,92.7000
batch+reposition,5,78.7000
batch+reposition,5,34.9000
batch+reposition,5,12.5000
batch+reposition,5,64.3000
batch+reposition,5,19.3000
batch+reposition,5,25.5000
batch+reposition,5,56.4000
batch+reposition,5,72.1000
batch+reposition,5,35.9000
batch+reposition,5,108.1000
batch+reposition,5,49.4000
batch+reposition,5,49.3000
batch+reposition,5,50.2000
batch+reposition,5,28.5000
batch+reposition,5,38.9000
batch+reposition,5,30.5000
batch+reposition,5,97.4000
batch+reposition,5,56.2000
batch+reposition,5,45.6000
batch+reposition,5,57.1000
batch+reposition,5,4.5000
batch+reposition,5,39.6000
batch+reposition,5,102.2000
batch+reposition,5,53.3000
batch+reposition,5,68.4000
batch+reposition,5,47.5000
batch+reposition,5,17.8000
batch+reposition,5,40.1000
batch+reposition,5,38.7000
batch+reposition,5,37.2000
batch+reposition,5,87.6000
batch+reposition,5,60.4000
batch+reposition,5,37.5000
batch+reposition,5,39.3000
batch+reposition,5,50.9000
batch+reposition,5,316.3000
batch+reposition,5,39.5000
batch+reposition,5,55.2000
batch+reposition,5,118.2000
batch+reposition,5,50.0000
batch+reposition,5,61.9000
batch+reposition,5,40.1000
batch+reposition,5,39.3000
batch+reposition,5,81.4000
batch+reposition,5,50.6000
batch+reposition,5,34.1000
batch+reposition,5,3.1000
batch+reposition,5,15.1000
batch+reposition,5,72.8000
batch+reposition,5,26.0000
batch+reposition,5,54.5000
batch+reposition,5,55.5000
batch+reposition,5,99.7000
batch+reposition,5,20.7000
batch+reposition,5,49.4000
batch+reposition,5,82.5000
batch+reposition,5,59.2000
batch+reposition,5,228.5000
batch+reposition,5,52.5000
batch+reposition,5,56.7000
batch+reposition,5,50.5000
batch+reposition,5,3.9000
batch+reposition,5,84.2000
batch+reposition,5,36.2000
batch+reposition,5,99.0000
batch+reposition,5,64.4000
batch+reposition,5,33.2000
batch+reposition,5,70.5000
batch+reposition,5,55.7000
batch+reposition,5,54.0000
batch+reposition,5,289.3000
batch+reposition,5,34.1000
batch+reposition,5,40.1000
batch+reposition,5,29.9000
batch+reposition,5,29.3000
batch+reposition,5,15.8000
batch+reposition,5,50.2000
batch+reposition,5,77.1000
batch+reposition,5,57.5000
batch+reposition,5,66.0000
batch+reposition,5,60.5000
batch+reposition,5,26.5000
batch+reposition,5,57.1000
batch+reposition,5,149.6000
batch+reposition,5,77.6000
batch+reposition,5,46.3000
batch+reposition,5,71.4000
batch+reposition,5,36.8000
batch+reposition,5,47.1000
batch+reposition,5,33.4000
batch+reposition,5,107.1000
batch+reposition,5,27.1000
batch+reposition,5,35.9000
batch+reposition,5,22.2000
batch+reposition,5,41.8000
batch+reposition,5,12.1000
batch+reposition,5,74.2000
batch+reposition,5,75.9000
batch+reposition,5,86.4000
batch+reposition,5,61.4000
batch+reposition,5,46.9000
batch+reposition,5,44.7000
batch+reposition,5,46.4000
batch+reposition,5,2.5000
batch+reposition,5,77.8000
batch+reposition,5,47.3000
batch+reposition,5,156.2000
batch+reposition,5,290.6000
batch+reposition,5,73.1000
batch+reposition,5,38.8000
batch+reposition,5,28.9000
batch+reposition,5,131.5000
batch+reposition,5,80.6000
batch+reposition,5,48.4000
batch+reposition,5,29.6000
batch+reposition,5,30.3000
batch+reposition,5,26.2000
batch+reposition,5,601.8000
batch+reposition,5,66.1000
batch+reposition,5,2.6000
batch+reposition,5,48.1000
batch+reposition,5,5.1000
batch+reposition,5,14.4000
batch+reposition,5,53.8000
batch+reposition,5,37.5000
batch+reposition,5,32.5000
batch+reposition,5,21.7000
batch+reposition,5,19.8000
batch+reposition,5,25.6000
batch+reposition,5,30.8000
batch+reposition,5,76.0000
batch+reposition,5,49.5000
batch+reposition,5,27.2000
batch+reposition,5,50.0000
batch+reposition,5,93.8000
batch+reposition,5,185.6000
batch+reposition,5,39.2000
batch+reposition,5,80.2000
batch+reposition,5,12.2000
batch+reposition,5,72.8000
batch+reposition,5,70.3000
batch+reposition,5,59.2000
batch+reposition,5,28.3000
batch+reposition,5,33.0000
batch+reposition,5,20.1000
batch+reposition,5,41.3000
batch+reposition,5,52.9000
batch+reposition,5,21.0000
batch+reposition,5,46.2000
batch+reposition,5,97.1000
batch+reposition,5,31.2000
batch+reposition,5,13.6000
batch+reposition,5,66.0000
batch+reposition,5,40.9000
batch+reposition,5,35.4000
batch+reposition,5,72.0000
batch+reposition,5,60.9000
batch+reposition,5,25.9000
batch+reposition,5,178.1000
batch+reposition,5,67.2000
batch+reposition,5,175.2000
batch+reposition,5,27.2000
batch+reposition,5,7.8000
batch+reposition,5,503.0000
batch+reposition,5,27.4000
batch+reposition,5,37.9000
batch+reposition,5,73.8000
batch+reposition,5,52.4000
batch+reposition,5,31.4000
batch+reposition,5,482.6000
batch+reposition,5,31.2000
batch+reposition,5,32.4000
batch+reposition,5,20.2000
batch+reposition,5,165.1000
batch+reposition,5,51.2000
batch+reposition,5,13.5000
batch+reposition,5,125.5000
batch+reposition,5,47.3000
batch+reposition,5,67.6000
batch+reposition,5,102.6000
batch+reposition,5,41.9000
batch+reposition,5,50.8000
batch+reposition,5,215.0000
batch+reposition,5,55.9000
batch+reposition,5,87.3000
batch+reposition,5,56.8000
batch+reposition,5,49.9000
batch+reposition,5,298.2000
batch+reposition,5,73.7000
batch+reposition,5,122.9000
batch+reposition,5,97.9000
batch+reposition,5,337.2000
batch+reposition,5,3.6000
batch+reposition,5,565.2000
batch+reposition,5,155.9000
batch+reposition,5,86.4000
batch+reposition,5,26.3000
batch+reposition,5,77.1000
batch+reposition,5,171.0000
batch+reposition,5,32.7000
batch+reposition,5,12.0000
batch+reposition,5,29.1000
batch+reposition,5,36.4000
batch+reposition,5,154.9000
batch+reposition,5,176.6000
batch+reposition,5,48.1000
batch+reposition,5,68.1000
batch+reposition,5,83.2000
batch+reposition,5,164.7000
batch+reposition,5,48.3000
batch+reposition,5,29.2000
batch+reposition,5,36.4000
batch+reposition,5,70.1000
batch+reposition,5,55.6000
batch+reposition,5,115.6000
batch+reposition,5,74.8000
batch+reposition,5,20.0000
batch+reposition,5,85.6000
batch+reposition,5,81.6000
batch+reposition,5,238.2000
batch+reposition,5,72.5000
batch+reposition,5,545.7000
batch+reposition,5,70.1000
batch+reposition,5,48.6000
batch+reposition,5,90.3000
batch+reposition,5,33.7000
batch+reposition,5,155.5000
batch+reposition,5,46.4000
batch+reposition,5,52.3000
batch+reposition,5,28.5000
batch+reposition,5,43.3000
batch+reposition,5,68.7000
batch+reposition,5,20.4000
batch+reposition,5,29.8000
batch+reposition,5,115.9000
batch+reposition,5,380.7000
batch+reposition,5,100.1000
batch+reposition,5,28.2000
batch+reposition,5,89.3000
batch+reposition,5,22.7000
batch+reposition,5,46.4000
batch+reposition,5,26.8000
batch+reposition,5,54.4000
batch+reposition,5,47.4000
batch+reposition,5,58.3000
batch+reposition,5,103.4000
batch+reposition,5,120.4000
batch+reposition,5,45.3000
batch+reposition,5,31.9000
batch+reposition,5,38.3000
batch+reposition,5,69.1000
batch+reposition,5,60.7000
batch+reposition,5,508.6000
batch+reposition,5,62.7000
batch+reposition,5,588.7000
batch+reposition,5,316.3000
batch+reposition,5,60.0000
batch+reposition,5,65.0000
batch+reposition,5,28.2000
batch+reposition,5,9.5000
batch+reposition,5,83.2000
batch+reposition,5,122.9000
batch+reposition,5,39.5000
batch+reposition,5,84.0000
batch+reposition,5,140.4000
batch+reposition,5,34.4000
batch+reposition,5,155.4000
batch+reposition,5,49.2000
batch+reposition,5,125.0000
batch+reposition,5,31.0000
batch+reposition,5,65.7000
batch+reposition,5,185.2000
batch+reposition,5,96.7000
batch+reposition,5,52.4000
batch+reposition,5,27.2000
batch+reposition,5,63.5000
batch+reposition,5,29.8000
batch+reposition,5,221.0000
batch+reposition,5,28.9000
batch+reposition,5,45.9000
batch+reposition,5,47.2000
batch+reposition,5,81.9000
batch+reposition,5,51.0000
batch+reposition,5,123.4000
batch+reposition,5,72.2000
batch+reposition,5,26.1000
batch+reposition,5,39.0000
batch+reposition,5,447.6000
batch+reposition,5,227.0000
batch+reposition,5,78.3000
batch+reposition,5,744.8000
batch+reposition,5,45.1000
batch+reposition,5,41.4000
batch+reposition,5,54.7000
batch+reposition,5,50.0000
batch+reposition,5,51.6000
batch+reposition,5,100.0000
batch+reposition,5,109.8000
batch+reposition,5,65.8000
batch+reposition,5,75.7000
batch+reposition,5,23.6000
batch+reposition,5,17.8000
batch+reposition,5,558.7000
batch+reposition,5,10.7000
batch+reposition,5,2.2000
batch+reposition,5,91.0000
batch+reposition,5,72.3000
batch+reposition,5,32.3000
batch+reposition,5,25.0000
batch+reposition,5,44.3000
batch+reposition,5,85.8000
batch+reposition,5,233.5000
batch+reposition,5,33.7000
batch+reposition,5,114.2000
batch+reposition,5,29.2000
batch+reposition,5,38.2000
batch+reposition,5,41.5000
batch+reposition,5,642.3000
batch+reposition,5,162.5000
batch+reposition,5,852.9000
batch+reposition,5,521.5000
batch+reposition,5,585.0000
batch+reposition,5,39.1000
batch+reposition,5,402.8000
batch+reposition,5,597.3000
batch+reposition,5,472.8000
batch+reposition,5,22.2000
batch+reposition,5,264.7000
batch+reposition,5,306.4000
batch+reposition,5,49.5000
batch+reposition,5,86.7000
batch+reposition,5,348.5000
batch+reposition,5,509.5000
batch+reposition,5,21.4000
batch+reposition,5,318.3000
batch+reposition,5,45.6000
batch+reposition,5,44.0000
batch+reposition,5,679.0000
batch+reposition,5,206.3000
batch+reposition,5,588.8000
batch+reposition,5,716.1000
batch+reposition,5,1086.1000
batch+reposition,5,61.1000
batch+reposition,5,654.6000
batch+reposition,5,1275.0000
batch+reposition,6,0.1000
batch+reposition,6,37.9000
batch+reposition,6,36.9000
batch+reposition,6,5.0000
batch+reposition,6,20.4000
batch+reposition,6,51.5000
batch+reposition,6,16.5000
batch+reposition,6,43.6000
batch+reposition,6,16.7000
batch+reposition,6,21.9000
batch+reposition,6,24.2000
batch+reposition,6,14.5000
batch+reposition,6,31.0000
batch+reposition,6,6.7000
batch+reposition,6,29.8000
batch+reposition,6,16.9000
batch+reposition,6,29.2000
batch+reposition,6,33.5000
batch+reposition,6,33.0000
batch+reposition,6,33.0000
batch+reposition,6,16.3000
batch+reposition,6,54.1000
batch+reposition,6,39.1000
batch+reposition,6,39.6000
batch+reposition,6,35.4000
batch+reposition,6,34.7000
batch+reposition,6,37.8000
batch+reposition,6,81.7000
batch+reposition,6,1.7000
batch+reposition,6,1.4000
batch+reposition,6,26.4000
batch+reposition,6,43.6000
batch+reposition,6,32.4000
batch+reposition,6,288.1000
batch+reposition,6,61.8000
batch+reposition,6,13.0000
batch+reposition,6,8.1000
batch+reposition,6,27.4000
batch+reposition,6,2.7000
batch+reposition,6,46.1000
batch+reposition,6,37.8000
batch+reposition,6,53.4000
batch+reposition,6,53.4000
batch+reposition,6,2.2000
batch+reposition,6,15.7000
batch+reposition,6,43.5000
batch+reposition,6,38.0000
batch+reposition,6,36.3000
batch+reposition,6,98.3000
batch+reposition,6,54.5000
batch+reposition,6,57.3000
batch+reposition,6,45.1000
batch+reposition,6,8.6000
batch+reposition,6,71.1000
batch+reposition,6,35.0000
batch+reposition,6,84.2000
batch+reposition,6,102.8000
batch+reposition,6,70.6000
batch+reposition,6,77.6000
batch+reposition,6,6.5000
batch+reposition,6,71.5000
batch+reposition,6,79.2000
batch+reposition,6,78.3000
batch+reposition,6,46.0000
batch+reposition,6,11.3000
batch+reposition,6,43.4000
batch+reposition,6,44.2000
batch+reposition,6,57.2000
batch+reposition,6,89.3000
batch+reposition,6,53.9000
batch+reposition,6,22.0000
batch+reposition,6,55.8000
batch+reposition,6,26.3000
batch+reposition,6,257.8000
batch+reposition,6,76.9000
batch+reposition,6,56.9000
batch+reposition,6,48.4000
batch+reposition,6,42.5000
batch+reposition,6,29.8000
batch+reposition,6,22.5000
batch+reposition,6,44.6000
batch+reposition,6,26.6000
batch+reposition,6,8.7000
batch+reposition,6,103.3000
batch+reposition,6,130.7000
batch+reposition,6,44.0000
batch+reposition,6,37.4000
batch+reposition,6,59.7000
batch+reposition,6,61.5000
batch+reposition,6,18.7000
batch+reposition,6,20.7000
batch+reposition,6,68.1000
batch+reposition,6,52.6000
batch+reposition,6,38.3000
batch+reposition,6,68.4000
batch+reposition,6,96.8000
batch+reposition,6,35.5000
batch+reposition,6,53.4000
batch+reposition,6,60.5000
batch+reposition,6,17.5000
batch+reposition,6,35.5000
batch+reposition,6,53.2000
batch+reposition,6,27.6000
batch+reposition,6,13.7000
batch+reposition,6,41.4000
batch+reposition,6,45.8000
batch+reposition,6,50.0000
batch+reposition,6,30.1000
batch+reposition,6,34.2000
batch+reposition,6,9.0000
batch+reposition,6,2.6000
batch+reposition,6,154.8000
batch+reposition,6,43.0000
batch+reposition,6,4.0000
batch+reposition,6,139.7000
batch+reposition,6,17.8000
batch+reposition,6,206.2000
batch+reposition,6,24.9000
batch+reposition,6,62.1000
batch+reposition,6,35.8000
batch+reposition,6,43.5000
batch+reposition,6,83.2000
batch+reposition,6,49.8000
batch+reposition,6,41.8000
batch+reposition,6,125.0000
batch+reposition,6,65.6000
batch+reposition,6,31.7000
batch+reposition,6,37.9000
batch+reposition,6,17.6000
batch+reposition,6,32.3000
batch+reposition,6,23.3000
batch+reposition,6,59.4000
batch+reposition,6,85.5000
batch+reposition,6,24.9000
batch+reposition,6,44.9000
batch+reposition,6,65.7000
batch+reposition,6,86.5000
batch+reposition,6,20.1000
batch+reposition,6,53.0000
batch+reposition,6,163.4000
batch+reposition,6,40.1000
batch+reposition,6,36.3000
batch+reposition,6,35.6000
batch+reposition,6,200.8000
batch+reposition,6,58.9000
batch+reposition,6,8.7000
batch+reposition,6,105.5000
batch+reposition,6,22.7000
batch+reposition,6,88.7000
batch+reposition,6,54.8000
batch+reposition,6,28.4000
batch+reposition,6,46.6000
batch+reposition,6,16.4000
batch+reposition,6,41.0000
batch+reposition,6,41.1000
batch+reposition,6,25.3000
batch+reposition,6,52.4000
batch+reposition,6,74.0000
batch+reposition,6,102.1000
batch+reposition,6,64.9000
batch+reposition,6,15.8000
batch+reposition,6,254.1000
batch+reposition,6,80.8000
batch+reposition,6,44.1000
batch+reposition,6,62.4000
batch+reposition,6,20.6000
batch+reposition,6,102.5000
batch+reposition,6,28.8000
batch+reposition,6,34.8000
batch+reposition,6,73.0000
batch+reposition,6,96.6000
batch+reposition,6,49.1000
batch+reposition,6,32.4000
batch+reposition,6,79.7000
batch+reposition,6,13.7000
batch+reposition,6,64.2000
batch+reposition,6,4.9000
batch+reposition,6,179.5000
batch+reposition,6,58.8000
batch+reposition,6,81.0000
batch+reposition,6,56.9000
batch+reposition,6,48.9000
batch+reposition,6,154.9000
batch+reposition,6,25.6000
batch+reposition,6,22.2000
batch+reposition,6,21.8000
batch+reposition,6,44.1000
batch+reposition,6,54.6000
batch+reposition,6,11.2000
batch+reposition,6,97.9000
batch+reposition,6,62.2000
batch+reposition,6,12.7000
batch+reposition,6,19.9000
batch+reposition,6,59.0000
batch+reposition,6,33.0000
batch+reposition,6,25.6000
batch+reposition,6,50.9000
batch+reposition,6,45.0000
batch+reposition,6,19.6000
batch+reposition,6,123.5000
batch+reposition,6,289.5000
batch+reposition,6,44.4000
batch+reposition,6,309.4000
batch+reposition,6,31.1000
batch+reposition,6,41.4000
batch+reposition,6,67.6000
batch+reposition,6,11.3000
batch+reposition,6,29.6000
batch+reposition,6,53.4000
batch+reposition,6,50.0000
batch+reposition,6,68.0000
batch+reposition,6,57.5000
batch+reposition,6,37.1000
batch+reposition,6,12.7000
batch+reposition,6,8.4000
batch+reposition,6,7.9000
batch+reposition,6,97.0000
batch+reposition,6,51.5000
batch+reposition,6,48.4000
batch+reposition,6,24.1000
batch+reposition,6,46.8000
batch+reposition,6,381.1000
batch+reposition,6,128.8000
batch+reposition,6,125.2000
batch+reposition,6,6.5000
batch+reposition,6,150.3000
batch+reposition,6,109.9000
batch+reposition,6,45.2000
batch+reposition,6,39.3000
batch+reposition,6,17.1000
batch+reposition,6,29.6000
batch+reposition,6,54.4000
batch+reposition,6,73.0000
batch+reposition,6,35.0000
batch+reposition,6,36.1000
batch+reposition,6,28.5000
batch+reposition,6,32.7000
batch+reposition,6,34.6000
batch+reposition,6,90.0000
batch+reposition,6,32.0000
batch+reposition,6,64.4000
batch+reposition,6,6.2000
batch+reposition,6,82.3000
batch+reposition,6,43.6000
batch+reposition,6,93.0000
batch+reposition,6,76.1000
batch+reposition,6,40.2000
batch+reposition,6,37.4000
batch+reposition,6,46.1000
batch+reposition,6,112.2000
batch+reposition,6,36.9000
batch+reposition,6,20.4000
batch+reposition,6,44.3000
batch+reposition,6,54.1000
batch+reposition,6,177.3000
batch+reposition,6,268.7000
batch+reposition,6,59.4000
batch+reposition,6,89.4000
batch+reposition,6,104.9000
batch+reposition,6,92.4000
batch+reposition,6,44.9000
batch+reposition,6,43.5000
batch+reposition,6,11.7000
batch+reposition,6,41.3000
batch+reposition,6,24.0000
batch+reposition,6,18.2000
batch+reposition,6,21.5000
batch+reposition,6,99.4000
batch+reposition,6,42.6000
batch+reposition,6,21.5000
batch+reposition,6,17.1000
batch+reposition,6,76.8000
batch+reposition,6,37.1000
batch+reposition,6,93.4000
batch+reposition,6,60.1000
batch+reposition,6,575.1000
batch+reposition,6,22.8000
batch+reposition,6,29.7000
batch+reposition,6,21.5000
batch+reposition,6,75.9000
batch+reposition,6,0.9000
batch+reposition,6,34.8000
batch+reposition,6,95.0000
batch+reposition,6,59.1000
batch+reposition,6,43.1000
batch+reposition,6,50.8000
batch+reposition,6,56.6000
batch+reposition,6,47.6000
batch+reposition,6,132.2000
batch+reposition,6,78.1000
batch+reposition,6,34.4000
batch+reposition,6,72.8000
batch+reposition,6,43.5000
batch+reposition,6,60.2000
batch+reposition,6,50.5000
batch+reposition,6,17.2000
batch+reposition,6,39.5000
batch+reposition,6,317.2000
batch+reposition,6,186.5000
batch+reposition,6,64.4000
batch+reposition,6,55.4000
batch+reposition,6,75.7000
batch+reposition,6,71.5000
batch+reposition,6,79.3000
batch+reposition,6,79.0000
batch+reposition,6,87.7000
batch+reposition,6,91.3000
batch+reposition,6,34.0000
batch+reposition,6,30.6000
batch+reposition,6,15.0000
batch+reposition,6,18.5000
batch+reposition,6,58.8000
batch+reposition,6,8.5000
batch+reposition,6,102.6000
batch+reposition,6,36.2000
batch+reposition,6,36.4000
batch+reposition,6,41.8000
batch+reposition,6,37.0000
batch+reposition,6,54.6000
batch+reposition,6,19.8000
batch+reposition,6,64.7000
batch+reposition,6,100.8000
batch+reposition,6,96.6000
batch+reposition,6,10.1000
batch+reposition,6,84.5000
batch+reposition,6,60.3000
batch+reposition,6,76.8000
batch+reposition,6,27.3000
batch+reposition,6,98.0000
batch+reposition,6,45.2000
batch+reposition,6,185.3000
batch+reposition,6,100.9000
batch+reposition,6,25.7000
batch+reposition,6,7.7000
batch+reposition,6,56.2000
batch+reposition,6,302.6000
batch+reposition,6,31.8000
batch+reposition,6,20.1000
batch+reposition,6,64.4000
batch+reposition,6,22.7000
batch+reposition,6,79.0000
batch+reposition,6,55.1000
batch+reposition,6,19.8000
batch+reposition,6,116.4000
batch+reposition,6,7.0000
batch+reposition,6,35.8000
batch+reposition,6,23.9000
batch+reposition,6,48.7000
batch+reposition,6,61.5000
batch+reposition,6,73.9000
batch+reposition,6,62.6000
batch+reposition,6,46.7000
batch+reposition,6,533.5000
batch+reposition,6,161.4000
batch+reposition,6,32.6000
batch+reposition,6,289.7000
batch+reposition,6,67.7000
batch+reposition,6,35.8000
batch+reposition,6,13.1000
batch+reposition,6,26.0000
batch+reposition,6,58.7000
batch+reposition,6,113.4000
batch+reposition,6,45.9000
batch+reposition,6,492.3000
batch+reposition,6,159.2000
batch+reposition,6,217.6000
batch+reposition,6,45.2000
batch+reposition,6,56.7000
batch+reposition,6,218.2000
batch+reposition,6,49.8000
batch+reposition,6,32.9000
batch+reposition,6,48.7000
batch+reposition,6,55.8000
batch+reposition,6,58.4000
batch+reposition,6,45.9000
batch+reposition,6,140.5000
batch+reposition,6,92.3000
batch+reposition,6,92.5000
batch+reposition,6,212.0000
batch+reposition,6,676.0000
batch+reposition,6,80.8000
batch+reposition,6,76.0000
batch+reposition,6,373.3000
batch+reposition,6,139.0000
batch+reposition,6,25.6000
batch+reposition,6,64.2000
batch+reposition,6,9.8000
batch+reposition,6,230.2000
batch+reposition,6,44.3000
batch+reposition,6,37.7000
batch+reposition,6,247.9000
batch+reposition,6,108.2000
batch+reposition,6,59.5000
batch+reposition,6,133.0000
batch+reposition,6,86.1000
batch+reposition,6,24.3000
batch+reposition,6,55.5000
batch+reposition,6,39.2000
batch+reposition,6,28.3000
batch+reposition,6,59.2000
batch+reposition,6,53.3000
batch+reposition,6,41.7000
batch+reposition,6,341.8000
batch+reposition,6,7.8000
batch+reposition,6,35.8000
batch+reposition,6,30.8000
batch+reposition,6,47.2000
batch+reposition,6,25.7000
batch+reposition,6,56.1000
batch+reposition,6,91.6000
batch+reposition,6,69.0000
batch+reposition,6,130.6000
batch+reposition,6,76.7000
batch+reposition,6,24.7000
batch+reposition,6,39.5000
batch+reposition,6,82.2000
batch+reposition,6,311.0000
batch+reposition,6,93.0000
batch+reposition,6,222.8000
batch+reposition,6,109.3000
batch+reposition,6,92.4000
batch+reposition,6,211.0000
batch+reposition,6,22.9000
batch+reposition,6,114.9000
batch+reposition,6,476.9000
batch+reposition,6,58.9000
batch+reposition,6,103.8000
batch+reposition,6,33.6000
batch+reposition,6,31.9000
batch+reposition,6,155.9000
batch+reposition,6,87.7000
batch+reposition,6,777.7000
batch+reposition,6,9.7000
batch+reposition,6,62.6000
batch+reposition,6,59.5000
batch+reposition,6,689.2000
batch+reposition,6,255.5000
batch+reposition,6,490.0000
batch+reposition,6,79.1000
batch+reposition,6,94.5000
batch+reposition,6,57.1000
batch+reposition,6,245.5000
batch+reposition,6,460.3000
batch+reposition,6,55.6000
batch+reposition,7,18.3000
batch+reposition,7,37.4000
batch+reposition,7,76.2000
batch+reposition,7,18.3000
batch+reposition,7,29.4000
batch+reposition,7,70.8000
batch+reposition,7,33.2000
batch+reposition,7,7.6000
batch+reposition,7,35.6000
batch+reposition,7,51.2000
batch+reposition,7,26.1000
batch+reposition,7,15.6000
batch+reposition,7,148.6000
batch+reposition,7,52.2000
batch+reposition,7,15.9000
batch+reposition,7,35.8000
batch+reposition,7,60.5000
batch+reposition,7,53.9000
batch+reposition,7,33.3000
batch+reposition,7,12.2000
batch+reposition,7,52.8000
batch+reposition,7,25.1000
batch+reposition,7,83.1000
batch+reposition,7,13.3000
batch+reposition,7,3.7000
batch+reposition,7,67.4000
batch+reposition,7,6.5000
batch+reposition,7,18.8000
batch+reposition,7,21.2000
batch+reposition,7,100.2000
batch+reposition,7,66.0000
batch+reposition,7,35.7000
batch+reposition,7,20.2000
batch+reposition,7,59.7000
batch+reposition,7,4.0000
batch+reposition,7,10.5000
batch+reposition,7,48.3000
batch+reposition,7,51.0000
batch+reposition,7,2.2000
batch+reposition,7,27.8000
batch+reposition,7,58.9000
batch+reposition,7,46.2000
batch+reposition,7,52.1000
batch+reposition,7,24.1000
batch+reposition,7,71.4000
batch+reposition,7,37.8000
batch+reposition,7,22.2000
batch+reposition,7,37.7000
batch+reposition,7,123.3000
batch+reposition,7,141.6000
batch+reposition,7,58.1000
batch+reposition,7,74.7000
batch+reposition,7,68.4000
batch+reposition,7,53.9000
batch+reposition,7,52.3000
batch+reposition,7,98.2000
batch+reposition,7,18.8000
batch+reposition,7,45.3000
batch+reposition,7,22.7000
batch+reposition,7,26.0000
batch+reposition,7,18.3000
batch+reposition,7,31.6000
batch+reposition,7,47.6000
batch+reposition,7,5.4000
batch+reposition,7,254.7000
batch+reposition,7,23.4000
batch+reposition,7,33.1000
batch+reposition,7,73.4000
batch+reposition,7,84.3000
batch+reposition,7,6.5000
batch+reposition,7,54.2000
batch+reposition,7,48.9000
batch+reposition,7,42.4000
batch+reposition,7,126.2000
batch+reposition,7,57.5000
batch+reposition,7,37.9000
batch+reposition,7,94.3000
batch+reposition,7,17.2000
batch+reposition,7,150.5000
batch+reposition,7,66.9000
batch+reposition,7,261.3000
batch+reposition,7,40.9000
batch+reposition,7,14.7000
batch+reposition,7,49.6000
batch+reposition,7,268.5000
batch+reposition,7,229.4000
batch+reposition,7,118.8000
batch+reposition,7,26.5000
batch+reposition,7,11.2000
batch+reposition,7,37.1000
batch+reposition,7,57.0000
batch+reposition,7,117.8000
batch+reposition,7,35.7000
batch+reposition,7,38.5000
batch+reposition,7,27.8000
batch+reposition,7,66.1000
batch+reposition,7,23.7000
batch+reposition,7,50.5000
batch+reposition,7,47.0000
batch+reposition,7,21.3000
batch+reposition,7,60.1000
batch+reposition,7,29.6000
batch+reposition,7,8.9000
batch+reposition,7,45.8000
batch+reposition,7,41.1000
batch+reposition,7,4.1000
batch+reposition,7,28.4000
batch+reposition,7,18.9000
batch+reposition,7,43.6000
batch+reposition,7,29.8000
batch+reposition,7,17.8000
batch+reposition,7,14.3000
batch+reposition,7,46.1000
batch+reposition,7,17.8000
batch+reposition,7,23.2000
batch+reposition,7,99.5000
batch+reposition,7,40.2000
batch+reposition,7,30.9000
batch+reposition,7,34.8000
batch+reposition,7,14.5000
batch+reposition,7,76.8000
batch+reposition,7,18.9000
batch+reposition,7,21.3000
batch+reposition,7,82.7000
batch+reposition,7,26.7000
batch+reposition,7,101.3000
batch+reposition,7,24.8000
batch+reposition,7,104.2000
batch+reposition,7,55.4000
batch+reposition,7,70.6000
batch+reposition,7,3.2000
batch+reposition,7,71.6000
batch+reposition,7,54.5000
batch+reposition,7,155.4000
batch+reposition,7,15.9000
batch+reposition,7,94.8000
batch+reposition,7,45.2000
batch+reposition,7,29.1000
batch+reposition,7,148.5000
batch+reposition,7,13.0000
batch+reposition,7,53.0000
batch+reposition,7,15.5000
batch+reposition,7,28.8000
batch+reposition,7,49.9000
batch+reposition,7,58.2000
batch+reposition,7,61.8000
batch+reposition,7,13.3000
batch+reposition,7,395.2000
batch+reposition,7,60.6000
batch+reposition,7,46.7000
batch+reposition,7,26.1000
batch+reposition,7,24.3000
batch+reposition,7,40.5000
batch+reposition,7,30.1000
batch+reposition,7,12.2000
batch+reposition,7,64.6000
batch+reposition,7,241.3000
batch+reposition,7,40.4000
batch+reposition,7,21.4000
batch+reposition,7,47.9000
batch+reposition,7,50.2000
batch+reposition,7,42.9000
batch+reposition,7,50.1000
batch+reposition,7,15.2000
batch+reposition,7,107.9000
batch+reposition,7,70.4000
batch+reposition,7,16.2000
batch+reposition,7,65.9000
batch+reposition,7,175.0000
batch+reposition,7,35.4000
batch+reposition,7,38.7000
batch+reposition,7,82.1000
batch+reposition,7,55.4000
batch+reposition,7,35.9000
batch+reposition,7,34.0000
batch+reposition,7,51.8000
batch+reposition,7,42.7000
batch+reposition,7,121.9000
batch+reposition,7,72.3000
batch+reposition,7,36.0000
batch+reposition,7,47.2000
batch+reposition,7,85.1000
batch+reposition,7,14.1000
batch+reposition,7,67.3000
batch+reposition,7,323.8000
batch+reposition,7,37.6000
batch+reposition,7,147.6000
batch+reposition,7,135.2000
batch+reposition,7,57.6000
batch+reposition,7,60.2000
batch+reposition,7,97.9000
batch+reposition,7,17.5000
batch+reposition,7,11.8000
batch+reposition,7,108.6000
batch+reposition,7,50.2000
batch+reposition,7,24.6000
batch+reposition,7,31.4000
batch+reposition,7,24.9000
batch+reposition,7,33.5000
batch+reposition,7,24.1000
batch+reposition,7,33.0000
batch+reposition,7,34.8000
batch+reposition,7,34.9000
batch+reposition,7,31.8000
batch+reposition,7,73.4000
batch+reposition,7,30.7000
batch+reposition,7,639.6000
batch+reposition,7,49.7000
batch+reposition,7,41.3000
batch+reposition,7,145.9000
batch+reposition,7,63.8000
batch+reposition,7,75.8000
batch+reposition,7,435.2000
batch+reposition,7,25.2000
batch+reposition,7,46.2000
batch+reposition,7,51.1000
batch+reposition,7,64.9000
batch+reposition,7,34.4000
batch+reposition,7,59.9000
batch+reposition,7,117.8000
batch+reposition,7,54.6000
batch+reposition,7,7.0000
batch+reposition,7,27.9000
batch+reposition,7,47.0000
batch+reposition,7,49.7000
batch+reposition,7,34.8000
batch+reposition,7,31.2000
batch+reposition,7,36.8000
batch+reposition,7,47.7000
batch+reposition,7,361.9000
batch+reposition,7,26.0000
batch+reposition,7,6.1000
batch+reposition,7,31.5000
batch+reposition,7,36.8000
batch+reposition,7,20.7000
batch+reposition,7,42.6000
batch+reposition,7,69.8000
batch+reposition,7,40.1000
batch+reposition,7,78.1000
batch+reposition,7,34.6000
batch+reposition,7,89.8000
batch+reposition,7,85.6000
batch+reposition,7,85.5000
batch+reposition,7,128.3000
batch+reposition,7,70.9000
batch+reposition,7,74.7000
batch+reposition,7,63.8000
batch+reposition,7,31.0000
batch+reposition,7,55.1000
batch+reposition,7,42.1000
batch+reposition,7,41.1000
batch+reposition,7,368.3000
batch+reposition,7,63.9000
batch+reposition,7,30.1000
batch+reposition,7,84.6000
batch+reposition,7,28.9000
batch+reposition,7,519.3000
batch+reposition,7,121.4000
batch+reposition,7,8.7000
batch+reposition,7,71.5000
batch+reposition,7,91.9000
batch+reposition,7,95.0000
batch+reposition,7,79.1000
batch+reposition,7,48.7000
batch+reposition,7,52.7000
batch+reposition,7,29.4000
batch+reposition,7,39.7000
batch+reposition,7,40.5000
batch+reposition,7,87.4000
batch+reposition,7,71.5000
batch+reposition,7,73.7000
batch+reposition,7,75.0000
batch+reposition,7,54.0000
batch+reposition,7,70.3000
batch+reposition,7,47.1000
batch+reposition,7,30.4000
batch+reposition,7,22.3000
batch+reposition,7,20.2000
batch+reposition,7,37.9000
batch+reposition,7,35.8000
batch+reposition,7,50.1000
batch+reposition,7,42.4000
batch+reposition,7,55.1000
batch+reposition,7,28.3000
batch+reposition,7,64.0000
batch+reposition,7,28.1000
batch+reposition,7,66.0000
batch+reposition,7,12.3000
batch+reposition,7,22.3000
batch+reposition,7,38.0000
batch+reposition,7,49.2000
batch+reposition,7,79.5000
batch+reposition,7,45.3000
batch+reposition,7,18.2000
batch+reposition,7,58.1000
batch+reposition,7,45.9000
batch+reposition,7,21.8000
batch+reposition,7,62.6000
batch+reposition,7,25.6000
batch+reposition,7,49.0000
batch+reposition,7,96.2000
batch+reposition,7,54.2000
batch+reposition,7,123.1000
batch+reposition,7,12.1000
batch+reposition,7,163.8000
batch+reposition,7,214.4000
batch+reposition,7,113.7000
batch+reposition,7,120.4000
batch+reposition,7,56.2000
batch+reposition,7,48.8000
batch+reposition,7,87.2000
batch+reposition,7,273.7000
batch+reposition,7,39.7000
batch+reposition,7,48.8000
batch+reposition,7,45.6000
batch+reposition,7,44.9000
batch+reposition,7,8.9000
batch+reposition,7,79.8000
batch+reposition,7,77.1000
batch+reposition,7,52.5000
batch+reposition,7,90.4000
batch+reposition,7,35.3000
batch+reposition,7,56.5000
batch+reposition,7,319.7000
batch+reposition,7,729.3000
batch+reposition,7,18.6000
batch+reposition,7,72.9000
batch+reposition,7,30.1000
batch+reposition,7,63.8000
batch+reposition,7,39.0000
batch+reposition,7,9.0000
batch+reposition,7,351.0000
batch+reposition,7,80.0000
batch+reposition,7,22.1000
batch+reposition,7,827.0000
batch+reposition,7,12.8000
batch+reposition,7,52.9000
batch+reposition,7,13.1000
batch+reposition,7,44.6000
batch+reposition,7,143.4000
batch+reposition,7,864.2000
batch+reposition,7,52.2000
batch+reposition,7,121.5000
batch+reposition,7,51.8000
batch+reposition,7,28.1000
batch+reposition,7,46.5000
batch+reposition,7,61.9000
batch+reposition,7,82.9000
batch+reposition,7,85.2000
batch+reposition,7,15.6000
batch+reposition,7,73.9000
batch+reposition,7,102.6000
batch+reposition,7,154.9000
batch+reposition,7,45.1000
batch+reposition,7,68.4000
batch+reposition,7,69.5000
batch+reposition,7,159.8000
batch+reposition,7,47.1000
batch+reposition,7,56.8000
batch+reposition,7,108.1000
batch+reposition,7,72.9000
batch+reposition,7,65.0000
batch+reposition,7,142.7000
batch+reposition,7,629.0000
batch+reposition,7,47.2000
batch+reposition,7,9.1000
batch+reposition,7,15.0000
batch+reposition,7,65.3000
batch+reposition,7,60.9000
batch+reposition,7,18.6000
batch+reposition,7,78.3000
batch+reposition,7,529.8000
batch+reposition,7,57.0000
batch+reposition,7,36.6000
batch+reposition,7,40.7000
batch+reposition,7,50.4000
batch+reposition,7,65.8000
batch+reposition,7,66.4000
batch+reposition,7,75.8000
batch+reposition,7,30.4000
batch+reposition,7,23.9000
batch+reposition,7,54.9000
batch+reposition,7,29.0000
batch+reposition,7,105.7000
batch+reposition,7,37.3000
batch+reposition,7,80.6000
batch+reposition,7,93.4000
batch+reposition,7,44.1000
batch+reposition,7,63.8000
batch+reposition,7,22.5000
batch+reposition,7,50.4000
batch+reposition,7,31.3000
batch+reposition,7,43.4000
batch+reposition,7,60.3000
batch+reposition,7,12.1000
batch+reposition,7,49.7000
batch+reposition,7,1.9000
batch+reposition,7,83.6000
batch+reposition,7,167.4000
batch+reposition,7,77.3000
batch+reposition,7,54.7000
batch+reposition,7,23.1000
batch+reposition,7,57.2000
batch+reposition,7,55.8000
batch+reposition,7,114.9000
batch+reposition,7,78.3000
batch+reposition,7,97.6000
batch+reposition,7,36.3000
batch+reposition,7,195.4000
batch+reposition,7,142.7000
batch+reposition,7,65.2000
batch+reposition,7,59.9000
batch+reposition,7,34.8000
batch+reposition,7,27.9000
batch+reposition,7,67.8000
batch+reposition,7,540.0000
batch+reposition,7,35.9000
batch+reposition,7,51.8000
batch+reposition,7,192.5000
batch+reposition,7,135.1000
batch+reposition,7,91.1000
batch+reposition,7,333.2000
batch+reposition,7,18.5000
batch+reposition,7,45.3000
batch+reposition,7,71.5000
batch+reposition,7,127.5000
batch+reposition,7,54.1000
batch+reposition,7,63.3000
batch+reposition,7,109.1000
batch+reposition,7,91.5000
batch+reposition,7,150.1000
batch+reposition,7,96.3000
batch+reposition,7,166.3000
batch+reposition,7,10.4000
batch+reposition,7,426.1000
batch+reposition,7,78.5000
batch+reposition,7,1146.4000
batch+reposition,7,95.4000
batch+reposition,7,653.4000
batch+reposition,7,219.8000
batch+reposition,7,502.0000
batch+reposition,7,497.8000
batch+reposition,8,23.7000
batch+reposition,8,38.2000
batch+reposition,8,24.0000
batch+reposition,8,5.2000
batch+reposition,8,52.8000
batch+reposition,8,16.2000
batch+reposition,8,41.6000
batch+reposition,8,34.1000
batch+reposition,8,13.8000
batch+reposition,8,21.0000
batch+reposition,8,11.9000
batch+reposition,8,33.7000
batch+reposition,8,8.8000
batch+reposition,8,17.2000
batch+reposition,8,39.1000
batch+reposition,8,69.9000
batch+reposition,8,118.2000
batch+reposition,8,16.2000
batch+reposition,8,13.2000
batch+reposition,8,20.8000
batch+reposition,8,54.9000
batch+reposition,8,27.0000
batch+reposition,8,18.2000
batch+reposition,8,21.2000
batch+reposition,8,34.7000
batch+reposition,8,7.0000
batch+reposition,8,53.1000
batch+reposition,8,59.4000
batch+reposition,8,42.6000
batch+reposition,8,6.7000
batch+reposition,8,11.1000
batch+reposition,8,40.4000
batch+reposition,8,116.3000
batch+reposition,8,97.4000
batch+reposition,8,38.4000
batch+reposition,8,39.2000
batch+reposition,8,88.5000
batch+reposition,8,33.0000
batch+reposition,8,27.2000
batch+reposition,8,32.1000
batch+reposition,8,63.5000
batch+reposition,8,45.0000
batch+reposition,8,86.7000
batch+reposition,8,320.2000
batch+reposition,8,54.1000
batch+reposition,8,57.4000
batch+reposition,8,46.2000
batch+reposition,8,74.2000
batch+reposition,8,44.4000
batch+reposition,8,58.9000
batch+reposition,8,34.0000
batch+reposition,8,39.3000
batch+reposition,8,26.8000
batch+reposition,8,75.2000
batch+reposition,8,49.1000
batch+reposition,8,40.5000
batch+reposition,8,23.1000
batch+reposition,8,77.5000
batch+reposition,8,67.6000
batch+reposition,8,39.3000
batch+reposition,8,306.0000
batch+reposition,8,47.0000
batch+reposition,8,52.9000
batch+reposition,8,72.9000
batch+reposition,8,186.0000
batch+reposition,8,56.3000
batch+reposition,8,47.3000
batch+reposition,8,25.3000
batch+reposition,8,15.3000
batch+reposition,8,67.4000
batch+reposition,8,25.2000
batch+reposition,8,64.2000
batch+reposition,8,51.9000
batch+reposition,8,50.9000
batch+reposition,8,38.1000
batch+reposition,8,47.5000
batch+reposition,8,70.2000
batch+reposition,8,76.0000
batch+reposition,8,44.2000
batch+reposition,8,54.1000
batch+reposition,8,81.7000
batch+reposition,8,124.6000
batch+reposition,8,34.9000
batch+reposition,8,28.7000
batch+reposition,8,97.9000
batch+reposition,8,12.7000
batch+reposition,8,40.4000
batch+reposition,8,20.0000
batch+reposition,8,114.6000
batch+reposition,8,78.3000
batch+reposition,8,60.4000
batch+reposition,8,67.1000
batch+reposition,8,55.7000
batch+reposition,8,41.1000
batch+reposition,8,32.5000
batch+reposition,8,32.8000
batch+reposition,8,24.5000
batch+reposition,8,36.9000
batch+reposition,8,83.7000
batch+reposition,8,43.9000
batch+reposition,8,35.4000
batch+reposition,8,41.0000
batch+reposition,8,40.7000
batch+reposition,8,40.9000
batch+reposition,8,51.7000
batch+reposition,8,20.9000
batch+reposition,8,40.2000
batch+reposition,8,43.1000
batch+reposition,8,90.3000
batch+reposition,8,49.0000
batch+reposition,8,63.9000
batch+reposition,8,97.6000
batch+reposition,8,30.3000
batch+reposition,8,229.4000
batch+reposition,8,28.6000
batch+reposition,8,41.2000
batch+reposition,8,32.7000
batch+reposition,8,31.8000
batch+reposition,8,56.4000
batch+reposition,8,9.5000
batch+reposition,8,44.8000
batch+reposition,8,38.5000
batch+reposition,8,14.5000
batch+reposition,8,17.5000
batch+reposition,8,36.0000
batch+reposition,8,27.7000
batch+reposition,8,53.7000
batch+reposition,8,20.8000
batch+reposition,8,1.0000
batch+reposition,8,43.7000
batch+reposition,8,99.7000
batch+reposition,8,93.9000
batch+reposition,8,11.3000
batch+reposition,8,17.4000
batch+reposition,8,56.2000
batch+reposition,8,24.5000
batch+reposition,8,8.8000
batch+reposition,8,52.0000
batch+reposition,8,75.0000
batch+reposition,8,75.1000
batch+reposition,8,82.2000
batch+reposition,8,25.7000
batch+reposition,8,27.2000
batch+reposition,8,34.7000
batch+reposition,8,18.2000
batch+reposition,8,41.6000
batch+reposition,8,2.6000
batch+reposition,8,18.6000
batch+reposition,8,54.5000
batch+reposition,8,97.3000
batch+reposition,8,87.8000
batch+reposition,8,17.8000
batch+reposition,8,50.3000
batch+reposition,8,30.3000
batch+reposition,8,51.0000
batch+reposition,8,400.7000
batch+reposition,8,30.4000
batch+reposition,8,21.0000
batch+reposition,8,23.1000
batch+reposition,8,33.2000
batch+reposition,8,81.6000
batch+reposition,8,34.8000
batch+reposition,8,67.3000
batch+reposition,8,555.7000
batch+reposition,8,26.1000
batch+reposition,8,80.8000
batch+reposition,8,46.6000
batch+reposition,8,16.5000
batch+reposition,8,28.8000
batch+reposition,8,66.7000
batch+reposition,8,107.4000
batch+reposition,8,52.5000
batch+reposition,8,13.8000
batch+reposition,8,46.3000
batch+reposition,8,22.7000
batch+reposition,8,74.6000
batch+reposition,8,33.3000
batch+reposition,8,55.8000
batch+reposition,8,50.1000
batch+reposition,8,56.2000
batch+reposition,8,88.8000
batch+reposition,8,48.0000
batch+reposition,8,21.5000
batch+reposition,8,53.8000
batch+reposition,8,27.1000
batch+reposition,8,302.4000
batch+reposition,8,36.6000
batch+reposition,8,49.0000
batch+reposition,8,76.7000
batch+reposition,8,49.3000
batch+reposition,8,83.1000
batch+reposition,8,50.9000
batch+reposition,8,63.1000
batch+reposition,8,41.4000
batch+reposition,8,419.1000
batch+reposition,8,46.5000
batch+reposition,8,370.7000
batch+reposition,8,19.5000
batch+reposition,8,61.4000
batch+reposition,8,19.6000
batch+reposition,8,36.2000
batch+reposition,8,42.9000
batch+reposition,8,45.4000
batch+reposition,8,85.8000
batch+reposition,8,25.2000
batch+reposition,8,601.7000
batch+reposition,8,49.6000
batch+reposition,8,334.2000
batch+reposition,8,22.3000
batch+reposition,8,819.2000
batch+reposition,8,137.2000
batch+reposition,8,49.4000
batch+reposition,8,4.7000
batch+reposition,8,45.1000
batch+reposition,8,24.7000
batch+reposition,8,61.2000
batch+reposition,8,15.8000
batch+reposition,8,39.6000
batch+reposition,8,93.4000
batch+reposition,8,39.5000
batch+reposition,8,29.2000
batch+reposition,8,63.9000
batch+reposition,8,43.0000
batch+reposition,8,47.5000
batch+reposition,8,94.9000
batch+reposition,8,34.6000
batch+reposition,8,33.9000
batch+reposition,8,71.8000
batch+reposition,8,76.2000
batch+reposition,8,30.5000
batch+reposition,8,17.3000
batch+reposition,8,17.6000
batch+reposition,8,68.3000
batch+reposition,8,2.7000
batch+reposition,8,103.0000
batch+reposition,8,16.2000
batch+reposition,8,30.8000
batch+reposition,8,84.3000
batch+reposition,8,76.0000
batch+reposition,8,55.7000
batch+reposition,8,73.6000
batch+reposition,8,128.7000
batch+reposition,8,76.7000
batch+reposition,8,271.8000
batch+reposition,8,513.8000
batch+reposition,8,41.9000
batch+reposition,8,42.0000
batch+reposition,8,184.5000
batch+reposition,8,42.1000
batch+reposition,8,35.5000
batch+reposition,8,35.3000
batch+reposition,8,45.7000
batch+reposition,8,64.0000
batch+reposition,8,152.4000
batch+reposition,8,76.6000
batch+reposition,8,45.3000
batch+reposition,8,26.0000
batch+reposition,8,392.1000
batch+reposition,8,57.2000
batch+reposition,8,36.7000
batch+reposition,8,51.6000
batch+reposition,8,45.4000
batch+reposition,8,19.9000
batch+reposition,8,18.3000
batch+reposition,8,79.3000
batch+reposition,8,81.3000
batch+reposition,8,30.8000
batch+reposition,8,23.8000
batch+reposition,8,8.3000
batch+reposition,8,29.5000
batch+reposition,8,72.7000
batch+reposition,8,360.7000
batch+reposition,8,27.2000
batch+reposition,8,579.3000
batch+reposition,8,55.4000
batch+reposition,8,52.9000
batch+reposition,8,43.5000
batch+reposition,8,42.7000
batch+reposition,8,22.1000
batch+reposition,8,32.4000
batch+reposition,8,43.5000
batch+reposition,8,126.6000
batch+reposition,8,338.8000
batch+reposition,8,58.5000
batch+reposition,8,30.5000
batch+reposition,8,57.6000
batch+reposition,8,38.8000
batch+reposition,8,61.6000
batch+reposition,8,121.0000
batch+reposition,8,134.7000
batch+reposition,8,108.4000
batch+reposition,8,38.4000
batch+reposition,8,92.6000
batch+reposition,8,8.7000
batch+reposition,8,95.5000
batch+reposition,8,64.1000
batch+reposition,8,93.4000
batch+reposition,8,47.8000
batch+reposition,8,168.6000
batch+reposition,8,75.3000
batch+reposition,8,66.3000
batch+reposition,8,22.3000
batch+reposition,8,21.8000
batch+reposition,8,152.0000
batch+reposition,8,58.1000
batch+reposition,8,58.5000
batch+reposition,8,157.1000
batch+reposition,8,1.2000
batch+reposition,8,51.5000
batch+reposition,8,281.8000
batch+reposition,8,30.6000
batch+reposition,8,61.9000
batch+reposition,8,50.1000
batch+reposition,8,63.3000
batch+reposition,8,17.7000
batch+reposition,8,50.2000
batch+reposition,8,64.9000
batch+reposition,8,39.0000
batch+reposition,8,117.1000
batch+reposition,8,60.8000
batch+reposition,8,190.6000
batch+reposition,8,57.2000
batch+reposition,8,42.0000
batch+reposition,8,112.5000
batch+reposition,8,171.2000
batch+reposition,8,69.6000
batch+reposition,8,116.0000
batch+reposition,8,27.6000
batch+reposition,8,36.6000
batch+reposition,8,61.6000
batch+reposition,8,103.3000
batch+reposition,8,39.5000
batch+reposition,8,71.7000
batch+reposition,8,199.0000
batch+reposition,8,139.8000
batch+reposition,8,43.7000
batch+reposition,8,112.0000
batch+reposition,8,179.5000
batch+reposition,8,120.3000
batch+reposition,8,28.8000
batch+reposition,8,45.0000
batch+reposition,8,32.3000
batch+reposition,8,40.9000
batch+reposition,8,11.1000
batch+reposition,8,49.4000
batch+reposition,8,45.6000
batch+reposition,8,132.1000
batch+reposition,8,547.7000
batch+reposition,8,46.7000
batch+reposition,8,51.3000
batch+reposition,8,22.4000
batch+reposition,8,117.9000
batch+reposition,8,78.6000
batch+reposition,8,57.1000
batch+reposition,8,700.9000
batch+reposition,8,42.7000
batch+reposition,8,137.9000
batch+reposition,8,134.2000
batch+reposition,8,51.2000
batch+reposition,8,80.6000
batch+reposition,8,200.5000
batch+reposition,8,95.8000
batch+reposition,8,69.2000
batch+reposition,8,62.6000
batch+reposition,8,85.4000
batch+reposition,8,52.0000
batch+reposition,8,60.9000
batch+reposition,8,59.5000
batch+reposition,8,89.7000
batch+reposition,8,35.0000
batch+reposition,8,37.9000
batch+reposition,8,48.0000
batch+reposition,8,146.9000
batch+reposition,8,300.5000
batch+reposition,8,412.0000
batch+reposition,8,56.6000
batch+reposition,8,301.7000
batch+reposition,8,569.7000
batch+reposition,8,121.2000
batch+reposition,8,10.6000
batch+reposition,8,79.9000
batch+reposition,8,45.3000
batch+reposition,8,35.4000
batch+reposition,8,47.7000
batch+reposition,8,53.0000
batch+reposition,8,49.9000
batch+reposition,8,660.7000
batch+reposition,8,85.0000
batch+reposition,8,49.6000
batch+reposition,8,837.2000
batch+reposition,8,644.3000
batch+reposition,8,1212.2000
batch+reposition,8,1590.4000
batch+reposition,9,39.7000
batch+reposition,9,7.8000
batch+reposition,9,34.6000
batch+reposition,9,33.2000
batch+reposition,9,36.0000
batch+reposition,9,77.4000
batch+reposition,9,3.0000
batch+reposition,9,49.7000
batch+reposition,9,29.9000
batch+reposition,9,49.9000
batch+reposition,9,37.9000
batch+reposition,9,39.6000
batch+reposition,9,42.0000
batch+reposition,9,16.8000
batch+reposition,9,21.0000
batch+reposition,9,19.0000
batch+reposition,9,45.0000
batch+reposition,9,56.6000
batch+reposition,9,58.2000
batch+reposition,9,14.4000
batch+reposition,9,18.5000
batch+reposition,9,18.8000
batch+reposition,9,118.0000
batch+reposition,9,108.9000
batch+reposition,9,51.5000
batch+reposition,9,6.5000
batch+reposition,9,55.4000
batch+reposition,9,244.8000
batch+reposition,9,36.8000
batch+reposition,9,71.1000
batch+reposition,9,207.2000
batch+reposition,9,28.2000
batch+reposition,9,33.0000
batch+reposition,9,6.1000
batch+reposition,9,48.9000
batch+reposition,9,36.6000
batch+reposition,9,31.9000
batch+reposition,9,18.9000
batch+reposition,9,222.4000
batch+reposition,9,8.9000
batch+reposition,9,33.2000
batch+reposition,9,43.7000
batch+reposition,9,87.6000
batch+reposition,9,33.6000
batch+reposition,9,7.4000
batch+reposition,9,36.5000
batch+reposition,9,30.8000
batch+reposition,9,25.2000
batch+reposition,9,81.3000
batch+reposition,9,25.9000
batch+reposition,9,51.9000
batch+reposition,9,21.7000
batch+reposition,9,21.5000
batch+reposition,9,25.6000
batch+reposition,9,22.9000
batch+reposition,9,45.9000
batch+reposition,9,22.5000
batch+reposition,9,56.5000
batch+reposition,9,79.6000
batch+reposition,9,41.4000
batch+reposition,9,33.2000
batch+reposition,9,35.1000
batch+reposition,9,23.3000
batch+reposition,9,48.2000
batch+reposition,9,11.3000
batch+reposition,9,14.0000
batch+reposition,9,76.4000
batch+reposition,9,39.6000
batch+reposition,9,36.6000
batch+reposition,9,536.5000
batch+reposition,9,69.6000
batch+reposition,9,22.6000
batch+reposition,9,16.6000
batch+reposition,9,1.5000
batch+reposition,9,14.7000
batch+reposition,9,33.1000
batch+reposition,9,50.4000
batch+reposition,9,12.8000
batch+reposition,9,85.5000
batch+reposition,9,24.8000
batch+reposition,9,24.5000
batch+reposition,9,82.6000
batch+reposition,9,11.5000
batch+reposition,9,38.6000
batch+reposition,9,15.1000
batch+reposition,9,18.2000
batch+reposition,9,69.7000
batch+reposition,9,40.2000
batch+reposition,9,10.5000
batch+reposition,9,19.9000
batch+reposition,9,199.2000
batch+reposition,9,100.7000
batch+reposition,9,121.8000
batch+reposition,9,16.6000
batch+reposition,9,24.8000
batch+reposition,9,23.3000
batch+reposition,9,44.4000
batch+reposition,9,39.7000
batch+reposition,9,92.2000
batch+reposition,9,55.7000
batch+reposition,9,112.7000
batch+reposition,9,17.3000
batch+reposition,9,65.2000
batch+reposition,9,63.8000
batch+reposition,9,41.5000
batch+reposition,9,74.0000
batch+reposition,9,49.5000
batch+reposition,9,25.0000
batch+reposition,9,31.9000
batch+reposition,9,28.1000
batch+reposition,9,46.0000
batch+reposition,9,9.8000
batch+reposition,9,50.2000
batch+reposition,9,37.8000
batch+reposition,9,26.5000
batch+reposition,9,24.1000
batch+reposition,9,167.3000
batch+reposition,9,11.9000
batch+reposition,9,27.5000
batch+reposition,9,168.7000
batch+reposition,9,39.7000
batch+reposition,9,568.2000
batch+reposition,9,184.3000
batch+reposition,9,25.4000
batch+reposition,9,50.2000
batch+reposition,9,12.7000
batch+reposition,9,59.4000
batch+reposition,9,62.4000
batch+reposition,9,21.6000
batch+reposition,9,54.9000
batch+reposition,9,30.8000
batch+reposition,9,57.5000
batch+reposition,9,99.4000
batch+reposition,9,239.6000
batch+reposition,9,8.7000
batch+reposition,9,0.2000
batch+reposition,9,51.6000
batch+reposition,9,134.1000
batch+reposition,9,80.2000
batch+reposition,9,7.6000
batch+reposition,9,62.7000
batch+reposition,9,25.0000
batch+reposition,9,27.0000
batch+reposition,9,36.2000
batch+reposition,9,214.7000
batch+reposition,9,26.1000
batch+reposition,9,43.9000
batch+reposition,9,36.3000
batch+reposition,9,263.2000
batch+reposition,9,104.6000
batch+reposition,9,198.2000
batch+reposition,9,31.6000
batch+reposition,9,130.5000
batch+reposition,9,56.5000
batch+reposition,9,35.1000
batch+reposition,9,44.3000
batch+reposition,9,99.0000
batch+reposition,9,53.3000
batch+reposition,9,65.5000
batch+reposition,9,184.9000
batch+reposition,9,84.6000
batch+reposition,9,153.1000
batch+reposition,9,19.9000
batch+reposition,9,25.8000
batch+reposition,9,52.5000
batch+reposition,9,72.7000
batch+reposition,9,8.2000
batch+reposition,9,613.7000
batch+reposition,9,53.2000
batch+reposition,9,65.5000
batch+reposition,9,22.9000
batch+reposition,9,35.7000
batch+reposition,9,82.7000
batch+reposition,9,14.8000
batch+reposition,9,56.4000
batch+reposition,9,21.4000
batch+reposition,9,36.3000
batch+reposition,9,142.7000
batch+reposition,9,64.7000
batch+reposition,9,31.5000
batch+reposition,9,92.7000
batch+reposition,9,37.6000
batch+reposition,9,713.2000
batch+reposition,9,112.9000
batch+reposition,9,53.5000
batch+reposition,9,110.7000
batch+reposition,9,79.0000
batch+reposition,9,23.8000
batch+reposition,9,29.0000
batch+reposition,9,54.9000
batch+reposition,9,340.9000
batch+reposition,9,102.2000
batch+reposition,9,7.4000
batch+reposition,9,40.9000
batch+reposition,9,92.0000
batch+reposition,9,27.2000
batch+reposition,9,139.8000
batch+reposition,9,82.7000
batch+reposition,9,40.3000
batch+reposition,9,116.9000
batch+reposition,9,9.1000
batch+reposition,9,92.4000
batch+reposition,9,63.6000
batch+reposition,9,59.2000
batch+reposition,9,22.6000
batch+reposition,9,12.8000
batch+reposition,9,64.0000
batch+reposition,9,8.4000
batch+reposition,9,9.6000
batch+reposition,9,18.6000
batch+reposition,9,36.4000
batch+reposition,9,78.5000
batch+reposition,9,30.9000
batch+reposition,9,48.5000
batch+reposition,9,169.6000
batch+reposition,9,2.7000
batch+reposition,9,8.3000
batch+reposition,9,48.9000
batch+reposition,9,56.5000
batch+reposition,9,6.3000
batch+reposition,9,81.7000
batch+reposition,9,59.8000
batch+reposition,9,14.7000
batch+reposition,9,41.8000
batch+reposition,9,24.2000
batch+reposition,9,84.4000
batch+reposition,9,155.7000
batch+reposition,9,59.5000
batch+reposition,9,125.6000
batch+reposition,9,39.7000
batch+reposition,9,67.2000
batch+reposition,9,75.5000
batch+reposition,9,213.8000
batch+reposition,9,70.1000
batch+reposition,9,37.2000
batch+reposition,9,30.0000
batch+reposition,9,16.1000
batch+reposition,9,28.4000
batch+reposition,9,19.7000
batch+reposition,9,373.4000
batch+reposition,9,579.6000
batch+reposition,9,105.9000
batch+reposition,9,75.3000
batch+reposition,9,52.3000
batch+reposition,9,16.3000
batch+reposition,9,77.0000
batch+reposition,9,103.9000
batch+reposition,9,45.3000
batch+reposition,9,83.3000
batch+reposition,9,37.8000
batch+reposition,9,143.8000
batch+reposition,9,45.9000
batch+reposition,9,8.3000
batch+reposition,9,34.1000
batch+reposition,9,105.5000
batch+reposition,9,88.3000
batch+reposition,9,25.7000
batch+reposition,9,56.1000
batch+reposition,9,271.0000
batch+reposition,9,42.4000
batch+reposition,9,497.2000
batch+reposition,9,41.5000
batch+reposition,9,69.7000
batch+reposition,9,51.5000
batch+reposition,9,56.1000
batch+reposition,9,107.4000
batch+reposition,9,25.9000
batch+reposition,9,30.8000
batch+reposition,9,54.3000
batch+reposition,9,9.1000
batch+reposition,9,76.3000
batch+reposition,9,56.3000
batch+reposition,9,24.7000
batch+reposition,9,16.2000
batch+reposition,9,50.9000
batch+reposition,9,92.9000
batch+reposition,9,68.7000
batch+reposition,9,38.6000
batch+reposition,9,1156.7000
batch+reposition,9,79.1000
batch+reposition,9,66.2000
batch+reposition,9,21.8000
batch+reposition,9,1.7000
batch+reposition,9,41.6000
batch+reposition,9,479.4000
batch+reposition,9,27.0000
batch+reposition,9,44.0000
batch+reposition,9,16.7000
batch+reposition,9,79.0000
batch+reposition,9,86.3000
batch+reposition,9,23.8000
batch+reposition,9,90.4000
batch+reposition,9,95.7000
batch+reposition,9,48.0000
batch+reposition,9,35.3000
batch+reposition,9,11.2000
batch+reposition,9,75.8000
batch+reposition,9,10.2000
batch+reposition,9,77.5000
batch+reposition,9,17.9000
batch+reposition,9,11.4000
batch+reposition,9,37.5000
batch+reposition,9,26.9000
batch+reposition,9,127.0000
batch+reposition,9,73.8000
batch+reposition,9,22.7000
batch+reposition,9,35.2000
batch+reposition,9,40.0000
batch+reposition,9,17.8000
batch+reposition,9,52.7000
batch+reposition,9,52.7000
batch+reposition,9,9.3000
batch+reposition,9,51.9000
batch+reposition,9,93.1000
batch+reposition,9,950.8000
batch+reposition,9,16.3000
batch+reposition,9,64.1000
batch+reposition,9,49.7000
batch+reposition,9,56.9000
batch+reposition,9,45.7000
batch+reposition,9,39.2000
batch+reposition,9,111.9000
batch+reposition,9,43.8000
batch+reposition,9,64.7000
batch+reposition,9,65.8000
batch+reposition,9,31.8000
batch+reposition,9,30.5000
batch+reposition,9,89.1000
batch+reposition,9,48.9000
batch+reposition,9,43.5000
batch+reposition,9,55.6000
batch+reposition,9,119.6000
batch+reposition,9,70.9000
batch+reposition,9,176.5000
batch+reposition,9,293.6000
batch+reposition,9,29.3000
batch+reposition,9,45.3000
batch+reposition,9,62.5000
batch+reposition,9,64.4000
batch+reposition,9,60.1000
batch+reposition,9,135.3000
batch+reposition,9,103.5000
batch+reposition,9,20.5000
batch+reposition,9,158.5000
batch+reposition,9,276.8000
batch+reposition,9,159.7000
batch+reposition,9,59.8000
batch+reposition,9,58.7000
batch+reposition,9,33.3000
batch+reposition,9,56.1000
batch+reposition,9,53.1000
batch+reposition,9,18.7000
batch+reposition,9,84.9000
batch+reposition,9,17.7000
batch+reposition,9,94.4000
batch+reposition,9,549.9000
batch+reposition,9,83.9000
batch+reposition,9,9.8000
batch+reposition,9,37.3000
batch+reposition,9,15.1000
batch+reposition,9,68.3000
batch+reposition,9,47.9000
batch+reposition,9,26.5000
batch+reposition,9,23.5000
batch+reposition,9,32.1000
batch+reposition,9,61.4000
batch+reposition,9,8.6000
batch+reposition,9,106.4000
batch+reposition,9,5.3000
batch+reposition,9,31.5000
batch+reposition,9,34.2000
batch+reposition,9,20.3000
batch+reposition,9,302.3000
batch+reposition,9,34.4000
batch+reposition,9,47.4000
batch+reposition,9,32.3000
batch+reposition,9,281.8000
batch+reposition,9,28.2000
batch+reposition,9,571.9000
batch+reposition,9,187.0000
batch+reposition,9,30.1000
batch+reposition,9,55.0000
batch+reposition,9,77.9000
batch+reposition,9,3.4000
batch+reposition,9,35.5000
batch+reposition,9,88.7000
batch+reposition,9,134.1000
batch+reposition,9,11.9000
batch+reposition,9,50.8000
batch+reposition,9,67.7000
batch+reposition,9,52.5000
batch+reposition,9,221.0000
batch+reposition,9,178.3000
batch+reposition,9,287.0000
batch+reposition,9,119.3000
batch+reposition,9,123.8000
batch+reposition,9,36.3000
batch+reposition,9,24.9000
batch+reposition,9,98.7000
batch+reposition,9,45.3000
batch+reposition,9,19.6000
batch+reposition,9,54.2000
batch+reposition,9,72.0000
batch+reposition,9,43.4000
batch+reposition,9,155.6000
batch+reposition,9,59.6000
batch+reposition,9,21.6000
batch+reposition,9,324.6000
batch+reposition,9,23.4000
batch+reposition,9,86.4000
batch+reposition,9,81.6000
batch+reposition,9,173.0000
batch+reposition,9,195.7000
batch+reposition,9,36.3000
batch+reposition,9,534.4000
batch+reposition,9,48.4000
batch+reposition,9,502.6000
batch+reposition,9,153.4000
batch+reposition,9,136.8000
batch+reposition,9,76.3000
batch+reposition,9,64.7000
batch+reposition,9,1163.6000
batch+reposition,9,744.1000
batch+reposition,9,767.3000
batch+reposition,9,1169.3000
batch+reposition,9,626.5000
batch+reposition,9,85.2000
batch+reposition,10,49.3000
batch+reposition,10,30.8000
batch+reposition,10,32.0000
batch+reposition,10,46.6000
batch+reposition,10,49.8000
batch+reposition,10,139.6000
batch+reposition,10,23.1000
batch+reposition,10,65.5000
batch+reposition,10,1.7000
batch+reposition,10,46.6000
batch+reposition,10,35.5000
batch+reposition,10,21.6000
batch+reposition,10,14.7000
batch+reposition,10,49.2000
batch+reposition,10,46.0000
batch+reposition,10,28.9000
batch+reposition,10,23.9000
batch+reposition,10,35.9000
batch+reposition,10,31.6000
batch+reposition,10,19.7000
batch+reposition,10,49.9000
batch+reposition,10,56.1000
batch+reposition,10,25.0000
batch+reposition,10,49.6000
batch+reposition,10,53.8000
batch+reposition,10,13.3000
batch+reposition,10,41.9000
batch+reposition,10,10.4000
batch+reposition,10,30.1000
batch+reposition,10,46.7000
batch+reposition,10,54.8000
batch+reposition,10,50.6000
batch+reposition,10,95.7000
batch+reposition,10,12.8000
batch+reposition,10,32.4000
batch+reposition,10,23.9000
batch+reposition,10,13.9000
batch+reposition,10,17.9000
batch+reposition,10,65.4000
batch+reposition,10,38.8000
batch+reposition,10,59.2000
batch+reposition,10,1.5000
batch+reposition,10,46.3000
batch+reposition,10,3.1000
batch+reposition,10,19.4000
batch+reposition,10,40.0000
batch+reposition,10,60.3000
batch+reposition,10,212.9000
batch+reposition,10,98.8000
batch+reposition,10,61.2000
batch+reposition,10,60.9000
batch+reposition,10,86.9000
batch+reposition,10,54.8000
batch+reposition,10,67.1000
batch+reposition,10,28.4000
batch+reposition,10,79.1000
batch+reposition,10,9.5000
batch+reposition,10,66.2000
batch+reposition,10,30.6000
batch+reposition,10,38.8000
batch+reposition,10,11.1000
batch+reposition,10,85.8000
batch+reposition,10,43.6000
batch+reposition,10,136.0000
batch+reposition,10,45.9000
batch+reposition,10,36.7000
batch+reposition,10,48.6000
batch+reposition,10,36.0000
batch+reposition,10,0.4000
batch+reposition,10,36.0000
batch+reposition,10,45.5000
batch+reposition,10,46.7000
batch+reposition,10,12.9000
batch+reposition,10,567.3000
batch+reposition,10,214.8000
batch+reposition,10,18.7000
batch+reposition,10,60.4000
batch+reposition,10,35.0000
batch+reposition,10,64.2000
batch+reposition,10,22.1000
batch+reposition,10,12.2000
batch+reposition,10,9.8000
batch+reposition,10,39.9000
batch+reposition,10,38.3000
batch+reposition,10,4.3000
batch+reposition,10,51.5000
batch+reposition,10,115.9000
batch+reposition,10,67.4000
batch+reposition,10,11.1000
batch+reposition,10,5.4000
batch+reposition,10,12.8000
batch+reposition,10,92.7000
batch+reposition,10,12.4000
batch+reposition,10,262.8000
batch+reposition,10,177.4000
batch+reposition,10,17.0000
batch+reposition,10,267.4000
batch+reposition,10,67.0000
batch+reposition,10,105.2000
batch+reposition,10,70.7000
batch+reposition,10,27.5000
batch+reposition,10,36.0000
batch+reposition,10,71.9000
batch+reposition,10,13.0000
batch+reposition,10,33.0000
batch+reposition,10,56.9000
batch+reposition,10,38.7000
batch+reposition,10,30.9000
batch+reposition,10,25.2000
batch+reposition,10,23.9000
batch+reposition,10,32.1000
batch+reposition,10,35.0000
batch+reposition,10,71.1000
batch+reposition,10,53.2000
batch+reposition,10,19.2000
batch+reposition,10,54.7000
batch+reposition,10,47.9000
batch+reposition,10,326.4000
batch+reposition,10,34.2000
batch+reposition,10,50.3000
batch+reposition,10,50.5000
batch+reposition,10,49.4000
batch+reposition,10,120.8000
batch+reposition,10,9.8000
batch+reposition,10,49.6000
batch+reposition,10,16.9000
batch+reposition,10,12.0000
batch+reposition,10,10.7000
batch+reposition,10,118.2000
batch+reposition,10,20.2000
batch+reposition,10,31.8000
batch+reposition,10,83.0000
batch+reposition,10,45.1000
batch+reposition,10,36.9000
batch+reposition,10,79.1000
batch+reposition,10,289.2000
batch+reposition,10,63.3000
batch+reposition,10,56.5000
batch+reposition,10,61.9000
batch+reposition,10,28.9000
batch+reposition,10,9.0000
batch+reposition,10,370.9000
batch+reposition,10,23.2000
batch+reposition,10,27.1000
batch+reposition,10,6.0000
batch+reposition,10,331.2000
batch+reposition,10,32.9000
batch+reposition,10,96.5000
batch+reposition,10,46.6000
batch+reposition,10,56.1000
batch+reposition,10,62.6000
batch+reposition,10,39.3000
batch+reposition,10,51.4000
batch+reposition,10,51.2000
batch+reposition,10,78.4000
batch+reposition,10,290.8000
batch+reposition,10,120.6000
batch+reposition,10,36.0000
batch+reposition,10,79.2000
batch+reposition,10,57.1000
batch+reposition,10,21.2000
batch+reposition,10,37.4000
batch+reposition,10,88.9000
batch+reposition,10,40.7000
batch+reposition,10,115.7000
batch+reposition,10,34.7000
batch+reposition,10,53.1000
batch+reposition,10,66.1000
batch+reposition,10,58.2000
batch+reposition,10,45.5000
batch+reposition,10,51.2000
batch+reposition,10,62.5000
batch+reposition,10,39.5000
batch+reposition,10,21.8000
batch+reposition,10,32.8000
batch+reposition,10,58.9000
batch+reposition,10,333.4000
batch+reposition,10,10.8000
batch+reposition,10,47.8000
batch+reposition,10,81.2000
batch+reposition,10,63.9000
batch+reposition,10,10.8000
batch+reposition,10,14.2000
batch+reposition,10,40.5000
batch+reposition,10,48.0000
batch+reposition,10,5.1000
batch+reposition,10,26.6000
batch+reposition,10,72.0000
batch+reposition,10,20.5000
batch+reposition,10,0.8000
batch+reposition,10,47.3000
batch+reposition,10,37.5000
batch+reposition,10,37.2000
batch+reposition,10,132.3000
batch+reposition,10,240.3000
batch+reposition,10,2.6000
batch+reposition,10,46.6000
batch+reposition,10,9.2000
batch+reposition,10,273.6000
batch+reposition,10,97.0000
batch+reposition,10,85.2000
batch+reposition,10,36.1000
batch+reposition,10,98.4000
batch+reposition,10,31.2000
batch+reposition,10,61.0000
batch+reposition,10,39.1000
batch+reposition,10,63.6000
batch+reposition,10,47.7000
batch+reposition,10,58.3000
batch+reposition,10,56.8000
batch+reposition,10,53.3000
batch+reposition,10,116.3000
batch+reposition,10,71.8000
batch+reposition,10,28.2000
batch+reposition,10,50.1000
batch+reposition,10,363.6000
batch+reposition,10,126.4000
batch+reposition,10,43.8000
batch+reposition,10,80.0000
batch+reposition,10,180.0000
batch+reposition,10,51.7000
batch+reposition,10,51.4000
batch+reposition,10,22.4000
batch+reposition,10,46.9000
batch+reposition,10,13.5000
batch+reposition,10,33.2000
batch+reposition,10,47.5000
batch+reposition,10,14.6000
batch+reposition,10,18.6000
batch+reposition,10,22.8000
batch+reposition,10,38.3000
batch+reposition,10,42.2000
batch+reposition,10,71.7000
batch+reposition,10,22.8000
batch+reposition,10,81.9000
batch+reposition,10,24.6000
batch+reposition,10,84.7000
batch+reposition,10,21.5000
batch+reposition,10,16.2000
batch+reposition,10,218.4000
batch+reposition,10,19.1000
batch+reposition,10,79.7000
batch+reposition,10,68.2000
batch+reposition,10,68.4000
batch+reposition,10,241.2000
batch+reposition,10,89.4000
batch+reposition,10,50.4000
batch+reposition,10,74.8000
batch+reposition,10,54.9000
batch+reposition,10,49.4000
batch+reposition,10,50.3000
batch+reposition,10,46.7000
batch+reposition,10,91.0000
batch+reposition,10,35.2000
batch+reposition,10,26.2000
batch+reposition,10,31.5000
batch+reposition,10,4.6000
batch+reposition,10,59.0000
batch+reposition,10,20.7000
batch+reposition,10,105.8000
batch+reposition,10,54.4000
batch+reposition,10,45.5000
batch+reposition,10,64.8000
batch+reposition,10,23.0000
batch+reposition,10,42.3000
batch+reposition,10,82.4000
batch+reposition,10,59.3000
batch+reposition,10,167.4000
batch+reposition,10,43.0000
batch+reposition,10,44.1000
batch+reposition,10,32.7000
batch+reposition,10,27.5000
batch+reposition,10,62.6000
batch+reposition,10,47.7000
batch+reposition,10,85.9000
batch+reposition,10,62.4000
batch+reposition,10,94.8000
batch+reposition,10,112.0000
batch+reposition,10,54.0000
batch+reposition,10,90.1000
batch+reposition,10,38.6000
batch+reposition,10,58.0000
batch+reposition,10,69.8000
batch+reposition,10,73.4000
batch+reposition,10,15.1000
batch+reposition,10,191.0000
batch+reposition,10,39.6000
batch+reposition,10,375.7000
batch+reposition,10,45.8000
batch+reposition,10,114.2000
batch+reposition,10,5.0000
batch+reposition,10,53.8000
batch+reposition,10,83.1000
batch+reposition,10,41.4000
batch+reposition,10,53.7000
batch+reposition,10,43.9000
batch+reposition,10,47.0000
batch+reposition,10,34.7000
batch+reposition,10,51.5000
batch+reposition,10,228.9000
batch+reposition,10,31.4000
batch+reposition,10,17.7000
batch+reposition,10,168.0000
batch+reposition,10,44.0000
batch+reposition,10,69.7000
batch+reposition,10,91.8000
batch+reposition,10,50.2000
batch+reposition,10,633.7000
batch+reposition,10,64.9000
batch+reposition,10,49.8000
batch+reposition,10,21.1000
batch+reposition,10,61.6000
batch+reposition,10,32.2000
batch+reposition,10,19.2000
batch+reposition,10,146.2000
batch+reposition,10,115.5000
batch+reposition,10,35.8000
batch+reposition,10,17.8000
batch+reposition,10,31.5000
batch+reposition,10,24.6000
batch+reposition,10,91.5000
batch+reposition,10,57.5000
batch+reposition,10,80.7000
batch+reposition,10,25.7000
batch+reposition,10,183.7000
batch+reposition,10,59.9000
batch+reposition,10,42.1000
batch+reposition,10,32.2000
batch+reposition,10,130.5000
batch+reposition,10,258.9000
batch+reposition,10,50.6000
batch+reposition,10,62.1000
batch+reposition,10,69.9000
batch+reposition,10,59.3000
batch+reposition,10,60.2000
batch+reposition,10,16.7000
batch+reposition,10,77.0000
batch+reposition,10,50.6000
batch+reposition,10,73.7000
batch+reposition,10,25.6000
batch+reposition,10,100.2000
batch+reposition,10,74.9000
batch+reposition,10,189.9000
batch+reposition,10,19.1000
batch+reposition,10,53.2000
batch+reposition,10,53.7000
batch+reposition,10,18.0000
batch+reposition,10,72.1000
batch+reposition,10,60.1000
batch+reposition,10,56.1000
batch+reposition,10,58.9000
batch+reposition,10,24.8000
batch+reposition,10,96.8000
batch+reposition,10,63.0000
batch+reposition,10,28.8000
batch+reposition,10,5.7000
batch+reposition,10,32.2000
batch+reposition,10,179.0000
batch+reposition,10,50.2000
batch+reposition,10,66.9000
batch+reposition,10,32.9000
batch+reposition,10,180.3000
batch+reposition,10,20.1000
batch+reposition,10,70.7000
batch+reposition,10,77.8000
batch+reposition,10,6.5000
batch+reposition,10,18.0000
batch+reposition,10,78.6000
batch+reposition,10,29.7000
batch+reposition,10,115.1000
batch+reposition,10,102.1000
batch+reposition,10,51.0000
batch+reposition,10,4.4000
batch+reposition,10,131.2000
batch+reposition,10,65.3000
batch+reposition,10,118.9000
batch+reposition,10,211.2000
batch+reposition,10,147.7000
batch+reposition,10,64.2000
batch+reposition,10,31.4000
batch+reposition,10,393.0000
batch+reposition,10,4.4000
batch+reposition,10,74.2000
batch+reposition,10,101.5000
batch+reposition,10,46.1000
batch+reposition,10,156.2000
batch+reposition,10,43.6000
batch+reposition,10,72.6000
batch+reposition,10,22.1000
batch+reposition,10,3.3000
batch+reposition,10,42.1000
batch+reposition,10,65.7000
batch+reposition,10,5.7000
batch+reposition,10,74.2000
batch+reposition,10,78.7000
batch+reposition,10,36.4000
batch+reposition,10,558.4000
batch+reposition,10,139.7000
batch+reposition,10,33.9000
batch+reposition,10,55.5000
batch+reposition,10,48.9000
batch+reposition,10,587.6000
batch+reposition,10,33.8000
batch+reposition,10,325.9000
batch+reposition,10,74.1000
batch+reposition,10,89.3000
batch+reposition,10,127.2000
batch+reposition,10,120.6000
batch+reposition,10,73.4000
batch+reposition,10,185.3000
batch+reposition,10,45.7000
batch+reposition,10,60.3000
batch+reposition,10,42.0000
batch+reposition,10,73.1000
batch+reposition,10,87.4000
batch+reposition,10,115.2000
batch+reposition,10,122.3000
batch+reposition,10,413.1000
batch+reposition,10,49.7000
batch+reposition,10,145.8000
batch+reposition,10,140.8000
batch+reposition,10,275.1000
batch+reposition,10,28.3000
batch+reposition,10,247.6000
batch+reposition,10,1036.7000
batch+reposition,10,104.3000
batch+reposition,10,48.1000
batch+reposition,10,832.2000
